ticker,date,open,high,low,close,volume
GOOG,2023-01-03,88.98715300466391,90.69101595328965,88.18474786018169,88.85836791992188,20738500
GOOG,2023-01-04,90.15607771935055,90.38391545367004,86.97619726505098,87.87765502929688,27046500
GOOG,2023-01-05,87.24366178434335,87.3823475961161,85.74782760558305,85.95585632324219,23136100
GOOG,2023-01-06,86.5403127243882,87.63989833877639,84.7671071620668,87.33280944824219,26612600
GOOG,2023-01-09,88.35810261014014,89.97776388056036,87.74887513620229,87.96681213378906,22996700
GOOG,2023-01-10,85.90631993653236,88.6354674474285,85.8865033612794,88.40267181396484,22855600
GOOG,2023-01-11,89.21497824711408,91.58255263461476,88.89798106094102,91.39434051513672,25998800
GOOG,2023-01-12,91.53303062096728,91.75096761381062,89.72019933447167,91.0476303100586,22754200
GOOG,2023-01-13,90.66921486537584,92.10759454808127,90.07682617750174,91.92928314208984,18630700
GOOG,2023-01-17,91.90945825446109,92.09767793204713,89.98765855896715,91.29528045654297,22935800
GOOG,2023-01-18,92.06796571926544,92.70988071205143,90.54241431218648,90.9188461303711,19641600
GOOG,2023-01-19,90.53250992509288,93.51426996549947,90.52260163640042,93.02886962890625,28707700
GOOG,2023-01-20,95.04971556610224,98.48715839603555,95.0100975297043,98.34847259521484,53704800
GOOG,2023-01-23,98.19988270710515,100.44858803825157,97.82345088274757,100.26036834716797,31791800
GOOG,2023-01-24,98.61595045343448,100.14149437054452,97.77391974304031,98.27913665771484,27391400
GOOG,2023-01-25,96.28798667920529,96.80311184414239,94.36817463921253,95.82240295410156,31000900
GOOG,2023-01-26,97.35785108087683,98.27912532122151,95.9115509668169,98.22959899902344,24542100
GOOG,2023-01-27,98.12063975144311,100.62690013656659,98.04138855909059,99.76506042480469,29020400
GOOG,2023-01-30,97.81850656884623,98.47627033964943,96.60499434796813,97.03096008300781,24365100
GOOG,2023-01-31,96.9417950317521,98.97256321505976,96.8724521334728,98.93293762207031,22306800
GOOG,2023-02-01,98.80415653038904,101.23117318342346,97.49654214036654,100.47830200195312,26392600
GOOG,2023-02-02,105.7880092738863,107.7989609346144,105.54035497955408,107.7791519165039,46622600
GOOG,2023-02-03,102.53878781561836,107.00646591669134,102.33075911191999,104.23274230957031,36823400
GOOG,2023-02-06,101.72152265298743,103.71761566494783,101.2509810043121,102.49916076660156,25573000
GOOG,2023-02-07,102.65767241753808,107.65038472751773,102.57644106995464,107.02629852294922,33738800
GOOG,2023-02-08,101.72647670209874,102.60812535360805,97.53121250227443,99.06171417236328,73546000
GOOG,2023-02-09,99.59665292142579,99.66599582222673,92.97932980772705,94.56431579589844,97798600
GOOG,2023-02-10,94.84168822658921,96.10967702818944,93.64304232639495,93.9699478149414,49325300
GOOG,2023-02-13,94.1185508672148,94.45535711816659,93.1675591754678,94.108642578125,43116600
GOOG,2023-02-14,93.77183256763809,94.28199984706193,91.78068977778581,94.0591049194336,42513100
GOOG,2023-02-15,93.85106210265195,96.42666505561395,93.47463032480191,96.18891906738281,36964500
GOOG,2023-02-16,94.64357111951195,96.96161181139304,94.07891960037607,94.88131713867188,35642100
GOOG,2023-02-17,94.1779684106356,94.85158834821465,92.57316597051262,93.70246887207031,31095100
GOOG,2023-02-21,92.36514678754273,92.53850782287324,91.13678356009335,91.18631744384766,28367200
GOOG,2023-02-22,91.07138983139822,91.49339519141154,90.0173778410073,90.93865203857422,29891100
GOOG,2023-02-23,91.26555931390718,91.26555931390718,89.16545570074126,90.21550750732422,32423700
GOOG,2023-02-24,88.78903701377556,89.2843457258953,88.02626492254804,88.51166534423828,31295600
GOOG,2023-02-27,89.24470749466381,89.601330321556,88.76921543068096,89.2546157836914,22724300
GOOG,2023-02-28,88.69985714988536,90.59193190448005,88.68004057526474,89.45272827148438,30546900
GOOG,2023-03-01,89.31405208649883,90.34428734331384,89.00695560931993,89.6607666015625,26323900
GOOG,2023-03-02,89.01686144796916,91.61228121095239,88.9277019706581,91.4438705444336,23328600
GOOG,2023-03-03,91.86984374196147,93.22699212619408,91.79060010409147,93.13783264160156,30242500
GOOG,2023-03-06,93.47463525497449,95.39643495221098,93.41520064423409,94.68318939208984,28288200
GOOG,2023-03-07,94.52469426691607,95.18840599710096,92.9634850798182,93.28642272949219,24101500
GOOG,2023-03-08,93.5192131856001,95.33699479457368,93.5192131856001,93.76191711425781,25395200
GOOG,2023-03-09,93.60341201220663,95.01999483334218,91.48844984705468,91.79058837890625,24438900
GOOG,2023-03-10,91.63209980699753,92.30571987005327,89.94805342826326,90.15608215332031,32850100
GOOG,2023-03-13,89.71524553448137,92.20664708782822,89.09610980933932,90.79997253417969,31508600
GOOG,2023-03-14,92.1967482092069,93.9402367053257,91.90946829648546,93.36567687988281,32303900
GOOG,2023-03-15,92.6623364024195,96.33752541090077,92.1670277884817,95.64409637451172,38367300
GOOG,2023-03-16,95.66391105358885,101.01324591217238,94.97048197617308,100.12168884277344,54499500
GOOG,2023-03-17,99.89384681958629,102.51898422648193,99.8046948886258,101.49864959716797,76140300
GOOG,2023-03-20,100.11177781721491,101.61752028388774,99.84431448261127,100.97361755371094,26033900
GOOG,2023-03-21,101.0231482796123,104.96580061634677,100.90427149139053,104.846923828125,33122800
GOOG,2023-03-22,104.15349248089795,106.50125798098166,103.23221817659265,103.24212646484375,32336900
GOOG,2023-03-23,104.8964541466262,106.09609011835958,104.4209621255232,105.26298522949219,31385800
GOOG,2023-03-24,104.74785267584453,105.16391761225755,103.75723555089625,105.06484985351562,25236200
GOOG,2023-03-27,104.33181481552643,104.41106601422265,101.66705183239566,102.093017578125,25393400
GOOG,2023-03-28,102.03357776600551,102.03357776600551,99.33909760992549,100.40896606445312,24913500
GOOG,2023-03-29,101.75619922819752,101.85525943589084,100.08205375428551,100.94389343261719,26148300
GOOG,2023-03-30,100.4882157795027,100.65661889732561,99.349004435871,100.36933898925781,25009800
GOOG,2023-03-31,100.75567842682301,103.21241250388378,100.48821509784857,103.0241928100586,28108000
GOOG,2023-04-03,101.7066711011724,103.96527721875935,101.4193911921376,103.9256591796875,20719900
GOOG,2023-04-04,103.85631830598307,105.10449827066775,103.6185722605514,104.13369750976562,20377200
GOOG,2023-04-05,105.12430656598292,105.54036400215539,103.12523561053581,103.96527862548828,21864200
GOOG,2023-04-06,104.77758278741246,108.60136596172237,103.83154906138694,107.87821960449219,34684200
GOOG,2023-04-10,106.38237665628344,106.95693642537998,104.6091710254705,105.94650268554688,19741500
GOOG,2023-04-11,105.91679499368567,106.21398319303734,104.29218330159891,105.12430572509766,18721300
GOOG,2023-04-12,106.38237980559623,106.57753000207927,103.98508801119472,104.23274230957031,22761600
GOOG,2023-04-13,105.47101062135101,107.24916661619966,105.44129331569145,107.17487335205078,21650700
GOOG,2023-04-14,106.67955633589594,108.55182202251353,106.58048858111775,108.43294525146484,20758700
GOOG,2023-04-17,104.44077693984704,105.70876581023366,104.33180843775351,105.4214859008789,29043400
GOOG,2023-04-18,105.99605538829967,106.04558927842776,103.79688368407778,104.13369750976562,17641400
GOOG,2023-04-19,103.23716741816799,104.73300149980426,102.82606793284053,104.03461456298828,16732000
GOOG,2023-04-20,103.66810800249097,105.88510862132435,103.65819971272626,104.90637969970703,22515300
GOOG,2023-04-21,105.094578871281,105.63942137385126,104.49525967626343,104.91627502441406,22379000
GOOG,2023-04-24,105.05496792062098,106.31304856896875,104.371439563609,105.77811431884766,21410900
GOOG,2023-04-25,105.6096981039833,106.43191217678698,103.57892986302183,103.62846374511719,31408100
GOOG,2023-04-26,104.56955647611875,106.01585678163079,102.3010420236276,103.469970703125,37068200
GOOG,2023-04-27,104.24265019022111,108.1258677596972,103.44024512731028,107.35318756103516,38235200
GOOG,2023-04-28,106.78854765162714,107.27394801102439,105.04505909252595,107.20460510253906,23957900
GOOG,2023-05-01,106.70928725558902,107.66027887190182,106.49135025976138,106.69937896728516,20926300
GOOG,2023-05-02,106.6498558595265,106.71919876412683,103.51950174828887,104.9856185913086,20343100
GOOG,2023-05-03,105.22336593894492,107.1154409642003,104.62899709805146,105.12430572509766,17116300
GOOG,2023-05-04,105.1639225738608,105.30260837327201,103.71761485232813,104.22283172607422,19780600
GOOG,2023-05-05,104.33180000644055,105.44129395727278,103.75625016115525,105.21839904785156,20710600
GOOG,2023-05-08,104.80235954897896,107.4027300634408,104.79740918309653,107.22441864013672,17266000
GOOG,2023-05-09,107.75933033875567,109.55730285065064,106.71422896287147,106.92721557617188,24782400
GOOG,2023-05-10,107.53150342633751,112.44496398416257,107.46216052249397,111.22650146484375,47533500
GOOG,2023-05-11,114.77291118074716,117.32870541035075,113.85163686811376,115.80315399169922,57115100
GOOG,2023-05-12,115.90221732516994,117.15039716639697,115.4564425893509,116.81358337402344,31293800
GOOG,2023-05-15,115.39699568116487,117.68036863282822,115.38709495077313,115.86258697509766,22107900
GOOG,2023-05-16,115.73381940571241,120.0628121110946,115.73381940571241,118.96322631835938,32370100
GOOG,2023-05-17,119.05238162230438,121.13267633949913,118.33913599176678,120.3401870727539,26659600
GOOG,2023-05-18,120.4194293237731,122.7374775963557,120.35008641925792,122.36103820800781,27014500
GOOG,2023-05-19,123.03465018824166,125.2922660663807,121.56854100070485,122.09356689453125,30268900
GOOG,2023-05-22,122.35113805827147,125.85792401285646,122.29169588425492,124.68899536132812,29760200
GOOG,2023-05-23,123.75781328369399,124.24321361976752,121.89545557542526,122.1332015991211,24477900
GOOG,2023-05-24,120.736418491013,121.59825815352345,119.61702380478987,120.49867248535156,23087900
GOOG,2023-05-25,124.03518184544043,124.79796134112611,121.74685847400266,123.1832504272461,33812700
GOOG,2023-05-26,122.90093000914023,124.81777194551871,122.13320013838957,124.25312042236328,25154700
GOOG,2023-05-30,125.10503981599243,125.19419173105679,121.73694002039555,123.47052001953125,27230700
GOOG,2023-05-31,122.5393460560212,123.72809124466792,121.94497724060263,122.21244812011719,41548800
GOOG,2023-06-01,122.3412318554973,123.86678334589575,122.1431114262237,123.20307159423828,25017700
GOOG,2023-06-02,123.32194569017797,125.55579254101981,123.18325987265732,124.05500793457031,19367500
GOOG,2023-06-05,123.44081291675552,126.78909641386399,123.21296762974485,125.44185638427734,22672500
GOOG,2023-06-06,125.41214796038678,127.67076174019569,124.78806178572192,126.7098617553711,19450100
GOOG,2023-06-07,126.37798123273299,128.3344561710463,121.47937967617638,121.7864761352539,34179300
GOOG,2023-06-08,121.43481089448687,122.56907184271154,120.86520901663735,121.51901245117188,24815000
GOOG,2023-06-09,121.41005133125776,123.1188721842807,121.271365516782,121.71714782714844,20304500
GOOG,2023-06-12,122.23720916341954,123.57949882884037,121.20201597708433,123.1832504272461,22255700
GOOG,2023-06-13,124.4710511262937,124.67907982874053,122.68298680046688,123.26249694824219,19287700
GOOG,2023-06-14,122.63841467613788,123.6191236062879,121.0138030423867,123.21296691894531,24659600
GOOG,2023-06-15,122.71765868994903,124.97627230373783,121.98460406215798,124.6097412109375,24517100
GOOG,2023-06-16,125.51120213219693,125.51120213219693,122.62850987439707,122.8959732055664,56699200
GOOG,2023-06-20,122.37590321653752,124.0005148701846,121.67751625505244,122.68794250488281,22698000
GOOG,2023-06-21,122.07872103325005,122.25208208027158,119.726004994641,120.12225341796875,22612000
GOOG,2023-06-22,119.52788314946761,122.77214865496528,118.47782370638572,122.707763671875,20781900
GOOG,2023-06-23,120.894929616873,122.28179527292784,120.71661821026868,121.86573028564453,29573100
GOOG,2023-06-26,120.32631640736457,121.56854824294035,117.8735426323373,117.97260284423828,23185000
GOOG,2023-06-27,116.73432844316498,118.77004711280364,115.81306169301082,117.89335632324219,27221700
GOOG,2023-06-28,116.85320321565794,120.13214370700794,116.49658042144236,119.94393157958984,19753100
GOOG,2023-06-29,118.96321579995345,119.77552915862908,118.09147538564636,118.88397216796875,18517500
GOOG,2023-06-30,119.9637537246988,120.88502811759521,119.74581670907446,119.83497619628906,23871800
GOOG,2023-07-03,119.19106410203034,119.88449313578016,118.58183662539231,119.4288101196289,13888300
GOOG,2023-07-05,118.93350692575176,122.21245522622755,118.93350692575176,121.4793930053711,17830300
GOOG,2023-07-06,119.50806920020263,120.01328613403254,118.13111177242764,119.79534912109375,17732500
GOOG,2023-07-07,119.75571928851035,120.60765073198117,118.9632224618087,119.01275634765625,20997700
GOOG,2023-07-10,117.95278459309274,117.95278459309274,115.54558459903741,115.77342987060547,32960100
GOOG,2023-07-11,115.6644844681483,117.11573526525036,114.74321002582796,116.6055679321289,18286600
GOOG,2023-07-12,118.18064528776198,119.82506605308463,117.88345707872519,118.49764251708984,22059600
GOOG,2023-07-13,120.39961337183841,124.15900376879436,119.92411379839217,123.65874481201172,31535900
GOOG,2023-07-14,123.95592498688026,125.89753375234046,123.72808726790072,124.52057647705078,20499800
GOOG,2023-07-17,124.8772139761707,126.0857682871298,123.33185341215618,123.8865966796875,20675300
GOOG,2023-07-18,123.73305060846836,123.81725217064373,122.14311410053988,122.9157943725586,21045800
GOOG,2023-07-19,123.61912585489597,124.29274587805628,121.3208941684331,121.62798309326172,22313800
GOOG,2023-07-20,120.97417257655177,123.52995915351264,117.57139742860676,118.4084701538086,27541700
GOOG,2023-07-21,119.73591077731537,120.16187650085963,117.9527966885696,119.18115997314453,56514600
GOOG,2023-07-24,120.78199326797595,122.19262814761613,120.24111108568258,120.73641967773438,22276100
GOOG,2023-07-25,120.73642077389616,122.52944303271279,120.38970626787396,121.63788604736328,31820800
GOOG,2023-07-26,129.13684937644874,130.13736723384093,127.50233716192945,128.44342041015625,46216900
GOOG,2023-07-27,130.56334242691815,132.34645630684622,127.9679152345047,128.6514434814453,35931600
GOOG,2023-07-28,129.7411408931961,132.81206037779035,129.69160700816337,131.76199340820312,26971000
GOOG,2023-07-31,131.76200094985018,132.5743143871464,130.89026800898102,131.86106872558594,18381900
GOOG,2023-08-01,129.62721909086318,131.67284617913032,129.52320850951978,130.6525115966797,22154300
GOOG,2023-08-02,128.62175169998696,129.19631157062432,126.6504253110738,127.43301391601562,22705800
GOOG,2023-08-03,127.16550406498972,128.55237698465777,126.57609327717185,127.56175994873047,15018100
GOOG,2023-08-04,128.38399792088867,130.69212274466778,127.11105116382745,127.33393096923828,20521900
GOOG,2023-08-07,128.29483386230604,130.82091085828932,128.215582668891,130.70204162597656,17621000
GOOG,2023-08-08,129.75103492313426,130.70203407354293,128.90901938354088,130.60296630859375,16836000
GOOG,2023-08-09,130.9496852267728,131.22705682322965,128.28988056198088,128.92881774902344,17745200
GOOG,2023-08-10,130.73177766688823,131.40242757214946,128.81493544307864,128.98829650878906,17855700
GOOG,2023-08-11,127.98971917028504,129.2161097919863,127.54196430800741,128.94863891601562,15205500
GOOG,2023-08-14,128.63166061958478,130.6723298100272,128.3740904512554,130.59307861328125,17526200
GOOG,2023-08-15,130.35530573842104,130.7515616635291,128.60092665424244,129.04769897460938,14769200
GOOG,2023-08-16,128.0669932016916,129.66980811759802,127.25469494008578,127.89859008789062,17548400
GOOG,2023-08-17,129.2260002924991,131.24785019737578,128.63163908981625,129.2359161376953,23665600
GOOG,2023-08-18,127.84905759078886,128.6118370920849,125.80838851061189,126.90797424316406,23627200
GOOG,2023-08-21,126.6504149836953,128.0471813880754,125.96689421466243,127.72027587890625,21851100
GOOG,2023-08-22,127.91843171458665,129.72134755087146,127.71535333051214,128.47317504882812,15557900
GOOG,2023-08-23,129.62224152345036,132.81202949797742,129.28542025291316,131.96009826660156,26497000
GOOG,2023-08-24,133.462899733818,133.703615985074,129.07743508424812,129.19630432128906,18680400
GOOG,2023-08-25,128.9189027147369,130.16707476030098,126.83860085651347,129.4637451171875,20678100
GOOG,2023-08-28,130.8407084443908,131.98982790868803,129.62225364318147,130.5534210205078,16715500
GOOG,2023-08-29,131.75011223591184,136.00679159661297,131.7322758049666,134.21873474121094,30803300
GOOG,2023-08-30,134.29796268128686,135.96219209404575,133.7541027878167,135.6451873779297,21773400
GOOG,2023-08-31,135.76407588647646,137.1013998952931,135.53623818701004,136.06126403808594,28147900
GOOG,2023-09-01,137.13114488678374,137.279746550401,134.66451749631293,135.51644897460938,16671600
GOOG,2023-09-05,135.1598209783245,136.0810877719375,134.28807295507104,135.4272918701172,17730200
GOOG,2023-09-06,135.72939225065028,136.19002554351474,133.42621067071175,134.09982299804688,15814300
GOOG,2023-09-07,133.33709475213365,135.29851277561175,132.70310028415992,134.9220733642578,16976000
GOOG,2023-09-08,134.59513617723832,136.22470548629033,134.59513617723832,135.91265869140625,17810700
GOOG,2023-09-11,136.09102422354792,136.9667326717683,135.2688099617854,136.44764709472656,17180800
GOOG,2023-09-12,135.84334099437157,136.34855032296872,134.65458826606488,134.7932891845703,15212900
GOOG,2023-09-13,134.6249059299583,136.40802036998625,133.6640057904883,136.20989990234375,16394900
GOOG,2023-09-14,137.0915214274124,138.24064107190486,135.773998663306,137.68589782714844,19064600
GOOG,2023-09-15,137.49767372434079,138.0524169513221,135.89286354272275,137.0023651123047,48958800
GOOG,2023-09-18,136.33865100715312,138.61705849026902,136.33865100715312,137.6561737060547,16233600
GOOG,2023-09-19,136.95282972882046,137.8691536741805,136.20986681889917,137.5273895263672,15479100
GOOG,2023-09-20,137.52737027526337,137.53727100438687,133.2578131024015,133.3271484375,21473500
GOOG,2023-09-21,131.14782177707747,131.9403186283257,129.8600162832516,130.1274871826172,22058400
GOOG,2023-09-22,130.4444517474799,131.76197429703106,129.28543156079593,130.01849365234375,17348700
GOOG,2023-09-25,129.54299750532124,130.97938922293181,128.8099354373936,130.9298553466797,14650000
GOOG,2023-09-26,129.68568086847202,130.17207132569553,126.98724018155733,128.23541259765625,20378800
GOOG,2023-09-27,128.22549621138975,130.48410227846742,128.1660615963013,130.22654724121094,18764200
GOOG,2023-09-28,129.46375123222626,132.92099523762442,129.46375123222626,131.880859375,18201400
GOOG,2023-09-29,132.82197217305605,133.62436978432208,130.08787380955317,130.61289978027344,23237300
GOOG,2023-10-02,130.91503787862754,134.0899683768247,130.8258859426984,133.90174865722656,19210400
GOOG,2023-10-03,133.66396632424824,133.97107034138332,131.56882070200768,132.0492706298828,19628700
GOOG,2023-10-04,132.4058828534343,135.28858219079444,132.17803004125156,134.99139404296875,22848000
GOOG,2023-10-05,134.85272083401819,135.21924435167315,133.19343404320912,134.7140350341797,15922900
GOOG,2023-10-06,133.67388182797617,137.88004446092162,133.67388182797617,137.42831420898438,20826700
GOOG,2023-10-09,136.6952594320964,138.6566770629103,135.41735490497143,138.1910858154297,16599100
GOOG,2023-10-10,138.20102512626954,139.41949538589523,137.13115654289223,137.89393615722656,19554900
GOOG,2023-10-11,138.5378352072484,140.8855933671149,138.5279193602688,140.37046813964844,20146300
GOOG,2023-10-12,140.8261430081844,141.04407999869233,138.14156377908355,138.9736785888672,18173100
GOOG,2023-10-13,139.33029372652263,140.01382196687155,136.67544706526826,137.27972412109375,19438700
GOOG,2023-10-16,138.41893522915194,139.58291344634492,138.01279367058098,139.17181396484375,17345600
GOOG,2023-10-17,138.7161454742555,139.92469984321295,137.22923694285026,139.66714477539062,17424000
GOOG,2023-10-18,139.42936825567105,140.65773900199736,137.40355793396554,137.97315979003906,18304900
GOOG,2023-10-19,138.48830835437928,139.68200407329076,137.29957055920949,137.67599487304688,21831200
GOOG,2023-10-20,137.28961800920052,137.73539267376472,134.9666197385568,135.4569854736328,24970300
GOOG,2023-10-23,134.95179573717493,137.7156265752255,133.84230915550012,136.6061248779297,20780700
GOOG,2023-10-24,137.8542833545101,139.38974292819762,137.44812670370942,138.80526733398438,26535200
GOOG,2023-10-25,128.5524029370568,128.87930843878306,124.90692364876766,125.48148345947266,58796100
GOOG,2023-10-26,123.302118518234,124.2828273857053,121.17229012297074,122.28178405761719,33907400
GOOG,2023-10-27,122.8662507301716,123.27240741198096,120.32036481556621,122.2421646118164,37367700
GOOG,2023-10-30,123.29222457925697,125.36261860465919,122.71766474849366,124.57012176513672,24165600
GOOG,2023-10-31,125.08523625155061,125.37251615965454,122.76224515964172,124.12434387207031,21123400
GOOG,2023-11-01,124.16395950571554,126.54144236018726,123.75286000770987,126.37303924560547,26536600
GOOG,2023-11-02,128.34436633010577,128.86939225451445,126.90797436491938,127.37356567382812,24091700
GOOG,2023-11-03,127.87877023130085,129.5033818284643,127.7995190417296,129.14675903320312,19529400
GOOG,2023-11-06,128.99818921030413,130.32561279743314,128.7109017214411,130.21664428710938,15360400
GOOG,2023-11-07,130.74168784294318,132.02949356115724,129.9095728061733,131.15774536132812,19223800
GOOG,2023-11-08,131.11810927042882,132.28703045423012,130.91998882926495,132.00965881347656,15093600
GOOG,2023-11-09,132.10873596863198,132.70311244993172,130.2760877476426,130.45440673828125,17976500
GOOG,2023-11-10,130.29589394877658,133.01019082758538,129.64208289455235,132.80215454101562,20872900
GOOG,2023-11-13,132.10872150956556,132.85168447206334,131.52426094014945,132.38609313964844,16409900
GOOG,2023-11-14,134.3771929354493,135.952285487681,133.83236566605552,134.1592559814453,22317300
GOOG,2023-11-15,135.35794262077744,135.55606305085223,134.06023642082465,135.1003875732422,15840900
GOOG,2023-11-16,135.67494105843042,137.57692430634432,134.8031930681127,137.3986053466797,17615100
GOOG,2023-11-17,136.5268995302772,136.7052034096607,134.20884328893618,135.6551513671875,25565300
GOOG,2023-11-20,134.228623837986,137.12618202513994,134.21872310810755,136.62591552734375,19569400
GOOG,2023-11-21,136.64570838904203,137.66108474543327,136.41291279454444,137.31932067871094,17648100
GOOG,2023-11-22,137.79485653747216,139.7760909083021,137.6957887726832,138.7062225341797,17306400
GOOG,2023-11-24,138.23071780931295,138.36644095174992,136.18014805991362,136.92311096191406,8828600
GOOG,2023-11-27,136.27920771044177,138.31987660790702,136.249475289763,136.75469970703125,17886400
GOOG,2023-11-28,136.33861954430384,137.35895382258295,135.75414403930816,137.31932067871094,17046900
GOOG,2023-11-29,137.68096139714226,138.35953190480652,135.01619814451047,135.12020874023438,21014700
GOOG,2023-11-30,135.12017854499595,135.6749368680035,131.54404988777304,132.6634521484375,29913500
GOOG,2023-12-01,132.06907653808594,132.2473803572287,130.9120213970279,132.06907653808594,24268000
GOOG,2023-12-04,130.06211398923656,130.21664097671334,128.1858724899174,129.4043426513672,24117100
GOOG,2023-12-05,129.14674586615268,132.28700024410944,128.51275152983993,131.14779663085938,19235100
GOOG,2023-12-06,131.65301631566422,132.05917298455924,130.07793863750265,130.19680786132812,16360600
GOOG,2023-12-07,135.31833741248934,138.6864303899979,134.95179871069328,137.15097045898438,38419400
GOOG,2023-12-08,134.3871248501399,136.69526460038568,134.2979729352816,135.35792541503906,23016100
GOOG,2023-12-11,132.56439389804078,133.52527862448687,131.64311209099392,133.43612670898438,24502900
GOOG,2023-12-12,132.01956958181464,133.27764264839772,131.58369555865005,132.38609313964844,26584000
GOOG,2023-12-13,133.2825840217965,133.51537965909716,131.7025484418317,132.71298217773438,25414500
GOOG,2023-12-14,133.5054868608946,133.76799981935181,129.83029032687446,131.95021057128906,29619100
GOOG,2023-12-15,131.6728320183188,133.56491443495892,131.38555969077277,132.58419799804688,58594000
GOOG,2023-12-18,132.60402891819217,137.0816232295836,132.51487699127028,135.9027862548828,25699800
GOOG,2023-12-19,136.70514673076315,137.46792605721308,136.16030435472751,136.80421447753906,20661000
GOOG,2023-12-20,139.01333645355365,141.73555405716266,138.10197029287892,138.34962463378906,33507300
GOOG,2023-12-21,139.4491633504404,140.69733536487283,139.1549529951402,140.46949768066406,18101500
GOOG,2023-12-22,140.79644456018505,141.90593112183532,140.7221361686718,141.3809051513672,18513500
GOOG,2023-12-26,141.6384524846771,142.5944096344027,141.16296042928883,141.47996520996094,11170100
GOOG,2023-12-27,141.489857089484,141.97526496116387,139.72754219049338,140.11289978027344,17288400
GOOG,2023-12-28,140.51905051749594,140.93510791178474,139.50663663358398,139.9543914794922,12192500
GOOG,2023-12-29,139.36002696282335,140.10794782082556,138.58734671990993,139.60768127441406,14881000
GOOG,2024-01-02,138.2901672103764,139.29564306407252,136.4476186131637,138.2505340576172,20071900
GOOG,2024-01-03,137.29954896746202,139.76617610352244,137.13113074294253,139.04302978515625,18974300
GOOG,2024-01-04,138.53781119026326,139.31543414671305,136.71506418959441,136.74478149414062,18253300
GOOG,2024-01-05,137.05387038448754,137.50756566769752,135.56596449733863,136.10089111328125,15439500
GOOG,2024-01-08,136.70516562078507,139.3203942715145,136.58629640072127,139.21142578125,17645300
GOOG,2024-01-09,138.74582367111972,141.46011987017113,138.4783528312631,141.2223663330078,19579700
GOOG,2024-01-10,141.1827710497498,143.16894830599284,141.1233364347866,142.4507598876953,16641900
GOOG,2024-01-11,143.53548786175404,145.28392666915767,140.8806258235945,142.3219757080078,17471100
GOOG,2024-01-12,142.98569511506196,143.38195109795163,142.0148944093176,142.8866424560547,13998700
GOOG,2024-01-16,142.08420868813738,144.4715996157822,141.71372489258854,142.72811889648438,19198900
GOOG,2024-01-17,141.56910246431514,142.06441104606785,139.191612202531,141.54928588867188,17884500
GOOG,2024-01-18,142.09414831204978,144.21902665862922,142.00499638255928,143.62960815429688,18876800
GOOG,2024-01-19,144.93223326156357,146.65095460230188,144.43198188500375,146.5816192626953,27181000
GOOG,2024-01-22,147.31468331403704,148.60743144180594,146.19528109536097,146.32406616210938,21829200
GOOG,2024-01-23,146.333973839488,147.46327684167665,145.8089479332892,147.2849578857422,14113600
GOOG,2024-01-24,148.87988131399678,150.14788548316102,148.43410651035828,148.9393310546875,19245000
GOOG,2024-01-25,150.31625866800155,153.30791171479203,149.80113349403268,152.19842529296875,21495100
GOOG,2024-01-26,151.43563418621358,152.66400485573405,151.3662988479857,152.3470001220703,19494500
GOOG,2024-01-29,152.19840851580327,153.7437687517426,151.48516300450555,153.38714599609375,20909300
GOOG,2024-01-30,152.56493660339433,153.58527102369084,151.34152386043058,151.61395263671875,26578900
GOOG,2024-01-31,144.02580918564232,144.22392956824197,140.22184342351042,140.46949768066406,43908600
GOOG,2024-02-01,142.34178755987563,143.2630542982646,140.92519710700438,141.37098693847656,25526900
GOOG,2024-02-02,139.5680618968834,142.53001287672424,136.8735818033688,142.1931915283203,42136100
GOOG,2024-02-05,142.68848077802488,145.29380859431987,142.55971083333344,143.57012939453125,29254400
GOOG,2024-02-06,144.5904967936803,145.36317701983353,143.1640055713607,144.045654296875,21517700
GOOG,2024-02-07,144.74896777249677,145.6207156692833,143.84751768717533,145.3037109375,21436100
GOOG,2024-02-08,145.59104498317262,146.2250395341258,145.04620237322322,145.8386993408203,18241300
GOOG,2024-02-09,146.56182611886717,149.2810808786973,146.04670089187476,148.81053161621094,21877700
GOOG,2024-02-12,148.1368854067089,149.17703646153288,147.16608480949515,147.33448791503906,17236100
GOOG,2024-02-13,144.6994699818096,146.65097207167983,143.7484707642411,144.99664306640625,18138500
GOOG,2024-02-14,145.9872371145719,146.4429276312081,144.18926466050215,145.7593994140625,16651800
GOOG,2024-02-15,143.10457221532477,143.4017452929063,140.5487779387875,142.58944702148438,26724300
GOOG,2024-02-16,142.8568945229861,143.12435024903024,140.1921321823184,140.42987060546875,21865100
GOOG,2024-02-20,139.61761127606567,141.98418849929058,139.47892545213892,140.86578369140625,18625600
GOOG,2024-02-21,141.30166437286778,142.62908805211404,140.57851790814732,142.4904022216797,16440800
GOOG,2024-02-22,144.74897885126072,144.82823004027227,142.65877597738998,143.9564971923828,23024700
GOOG,2024-02-23,143.60976818739678,144.5855266762284,143.4314492418366,143.9267578125,14519400
GOOG,2024-02-26,142.10403315477777,142.4903732549936,137.43823464568032,137.44813537597656,33513000
GOOG,2024-02-27,138.10193320991004,139.17180148923663,137.20046802330836,138.78546142578125,22364000
GOOG,2024-02-28,137.7948622585504,137.97316610383112,135.3579372303791,136.14051818847656,30628700
GOOG,2024-02-29,137.05189995694508,138.63687845719483,136.27921972600421,138.46847534179688,35485000
GOOG,2024-03-01,138.3000669242188,138.68640702487764,136.6804132552296,136.784423828125,28551500
GOOG,2024-03-04,135.25886705717605,135.3480340938507,131.61340298379068,132.94082641601562,43571500
GOOG,2024-03-05,131.49451465905764,132.76250329309832,130.31567793312524,132.52474975585938,28447600
GOOG,2024-03-06,132.98045256927287,133.47576114766846,130.71193081547483,131.3162078857422,23175200
GOOG,2024-03-07,132.63371502544518,134.54561377484825,131.4152602972906,133.97105407714844,24107300
GOOG,2024-03-08,133.7680008687615,137.68093589208488,133.53520521580378,135.01121520996094,26495200
GOOG,2024-03-11,135.78391831457228,138.6666031218925,135.78391831457228,137.63636779785156,22536400
GOOG,2024-03-12,136.95281122051082,138.96376268234744,136.91319318820823,138.30995178222656,19019700
GOOG,2024-03-13,138.74584336573625,140.85586285017413,138.6963094823439,139.44918823242188,19637000
GOOG,2024-03-14,140.964819715736,143.37201207066147,140.15746434147835,142.9856719970703,36117900
GOOG,2024-03-15,142.06439967881596,142.9856663116643,139.80579393599479,140.83602905273438,41039500
GOOG,2024-03-18,147.96850182304996,151.49509700587473,146.75004677182014,147.08685302734375,47676700
GOOG,2024-03-19,147.5821563779367,148.2161508249336,145.6306391504141,146.5321044921875,17748400
GOOG,2024-03-20,147.39392503607218,148.35482491953593,146.27948069742166,148.27557373046875,17730000
GOOG,2024-03-21,148.90956767948825,149.88531099857582,146.62122951284204,147.34439086914062,19843900
GOOG,2024-03-22,148.83034977025932,151.1285740643062,148.68174810471223,150.3459930419922,19252900
GOOG,2024-03-25,149.53367583119172,150.03492491136706,147.4038547191968,149.73179626464844,15114700
GOOG,2024-03-26,149.8209511385386,151.76255239057298,149.61291487515402,150.27662658691406,19312700
GOOG,2024-03-27,150.71743683168938,151.2573213155355,148.72134406033967,150.5143585205078,16622000
GOOG,2024-03-28,150.57382008197416,151.23753181714537,149.91010834680296,150.8313751220703,21105600
GOOG,2024-04-01,150.40543497238343,155.5269248889277,150.2271159881839,155.0316162109375,24469800
GOOG,2024-04-02,153.29798447317577,154.52635502463113,152.0200951630104,154.407470703125,17598100
GOOG,2024-04-03,153.46639452784166,155.0811051874378,152.68579383995444,154.9027862548828,17266200
GOOG,2024-04-04,153.62489548439905,154.71456518106962,150.45492391540427,150.5143585205078,24184800
GOOG,2024-04-05,150.25678601596698,153.3871395035371,149.66340737386219,152.49559020996094,16297300
GOOG,2024-04-08,152.56988083388026,155.18510918096584,152.5451214544477,154.67494201660156,16641500
GOOG,2024-04-09,155.8736384649708,158.38979976035492,155.17029352990784,156.65621948242188,21521500
GOOG,2024-04-10,156.3986315498851,156.67600312679997,154.73438697277876,156.18069458007812,16339200
GOOG,2024-04-11,156.85433230458003,159.60824706029112,156.44817560286228,159.28134155273438,17841700
GOOG,2024-04-12,157.90931388258326,160.18277825945452,157.11187439143455,157.6963348388672,16989800
GOOG,2024-04-15,158.7761089952621,159.32095142824633,154.68485549876465,154.86317443847656,21140900
GOOG,2024-04-16,154.17967782226447,155.75475572046483,153.5952172359819,154.5363006591797,15413200
GOOG,2024-04-17,155.71513948887417,157.19214725776297,154.67003035252995,155.40805053710938,16237800
GOOG,2024-04-18,155.45260589614836,156.99796629735252,154.74431823153293,155.9825897216797,14016100
GOOG,2024-04-19,156.2698782912665,156.50763188369746,152.46591150609328,154.25892639160156,21479900
GOOG,2024-04-22,154.54621737572913,157.69143068950862,154.19951035006957,156.468017578125,17243900
GOOG,2024-04-23,157.1019871223259,158.97425313298353,156.4828513368489,158.4195098876953,16115400
GOOG,2024-04-24,157.59728965828975,159.87571228388947,157.32983389254926,159.58843994140625,19485700
GOOG,2024-04-25,151.9210872738722,156.7949231387449,151.3346464806336,156.468017578125,36197800
GOOG,2024-04-26,174.33869438055044,174.76465244265083,169.79175078159815,172.06027221679688,56500800
GOOG,2024-04-29,169.16771253211903,169.77198966109145,165.49251587250913,166.3246307373047,35914600
GOOG,2024-04-30,165.80949589465575,168.27612281244916,162.9565137948666,163.09519958496094,29420800
GOOG,2024-05-01,164.62075672347748,167.22608475980573,163.35276793457385,164.01649475097656,25223200
GOOG,2024-05-02,165.10619622248257,166.9487451462268,164.13539542650338,166.87940979003906,17041100
GOOG,2024-05-03,167.9492310462724,168.25633507102046,163.43201909707656,167.40440368652344,22767100
GOOG,2024-05-06,167.63224937252102,168.30586183544366,166.3147266387959,168.2365264892578,15147900
GOOG,2024-05-07,168.5237982305848,171.842371995363,168.40492900005353,171.35696411132812,21102400
GOOG,2024-05-08,169.14790516603964,170.29602723892506,168.9220475640983,169.55406188964844,14569900
GOOG,2024-05-09,169.54410431735943,170.82200879360968,168.335550291028,169.97007751464844,11937700
GOOG,2024-05-10,168.09783844452926,169.73235081093375,166.334541002554,168.69219970703125,18740500
GOOG,2024-05-13,164.29091039165286,169.3460274192772,164.20472112247393,169.29649353027344,19648600
GOOG,2024-05-14,169.97999676807663,171.15883362023158,168.82097649171763,170.31680297851562,18729500
GOOG,2024-05-15,170.68332782084883,172.41294743857043,170.41585697387714,172.24850463867188,20958200
GOOG,2024-05-16,172.96176710001987,174.68543133343263,172.41692462340487,173.78396606445312,17247300
GOOG,2024-05-17,173.90289175324872,175.82963478221706,173.33823256624234,175.62655639648438,16546400
GOOG,2024-05-20,175.64634928434856,178.26157832551652,175.56215527943968,176.7855682373047,17495100
GOOG,2024-05-21,176.72611985890853,178.13280972335247,175.64635063219205,177.8554229736328,14706000
GOOG,2024-05-22,176.72609004914875,177.1738599963405,175.12129513460755,176.32984924316406,16189400
GOOG,2024-05-23,177.10254725784617,178.22194956529864,172.9023247589434,173.41744995117188,14928400
GOOG,2024-05-24,174.8637568006362,175.6403973191875,173.55613480805474,174.675537109375,11403600
GOOG,2024-05-28,174.0910795662334,176.83507844357212,174.03162983458768,176.3496856689453,15655300
GOOG,2024-05-29,175.15102835918483,176.55770299858983,174.60618586472043,175.73548889160156,15023800
GOOG,2024-05-30,175.03215522301807,175.03215522301807,171.60461306530533,171.9315185546875,18826300
GOOG,2024-05-31,171.7730461403693,172.78348009148812,169.36585318356381,172.3278045654297,28085200
GOOG,2024-06-03,172.24855106071092,174.20996919734404,170.83196037852719,172.78347778320312,20742800
GOOG,2024-06-04,172.81317356775273,173.54623576304297,171.5947186014631,173.48680114746094,14066600
GOOG,2024-06-05,174.87863122136383,176.3001646489961,173.6453023863419,175.4086151123047,15233900
GOOG,2024-06-06,175.7652088075795,177.0332127751608,175.5472869221787,176.6765899658203,14255800
GOOG,2024-06-07,176.78556176424084,177.73654586314296,174.1406003948462,174.29910278320312,14716300
GOOG,2024-06-10,174.99332259458592,176.9966508201845,172.94041924780817,175.17184448242188,17099800
GOOG,2024-06-11,176.25281203726664,176.91727895446962,173.99163606645646,176.71893310546875,14402400
GOOG,2024-06-12,178.26607059153048,180.57683704990706,176.3123327518906,178.07763671875,18600400
GOOG,2024-06-13,176.37183944312906,177.03630644669272,175.20158818895368,175.2809295654297,15956900
GOOG,2024-06-14,174.40027314562312,177.25450485101587,174.40027314562312,176.89747619628906,12361600
GOOG,2024-06-17,175.51894916077123,178.43468060784477,175.03300400813973,177.30409240722656,15272900
GOOG,2024-06-18,177.31399518368275,177.43301481580414,174.17016688697768,174.99331665039062,15640300
GOOG,2024-06-20,175.25119060510713,177.264430882862,175.0032544612179,176.24293518066406,16753200
GOOG,2024-06-21,177.01648889952872,181.0052734656417,176.59003087704022,178.77186584472656,58903200
GOOG,2024-06-24,179.78343031468034,180.57682889078214,178.74209562934792,179.29747009277344,18198300
GOOG,2024-06-25,179.6495587509355,184.21653786153806,179.6098804972053,184.04794311523438,18797000
GOOG,2024-06-26,182.67933663670703,184.39505041046988,182.47107876293612,183.8396759033203,13375700
GOOG,2024-06-27,184.11240168520064,185.95208339304645,183.9190042547186,185.31736755371094,13025700
GOOG,2024-06-28,184.1867769366222,185.0396777525981,181.81154478717914,181.90576171875,23032400
GOOG,2024-07-01,182.9570070748589,183.8099078846836,181.2214543331195,182.96693420410156,11815900
GOOG,2024-07-02,181.95538060956795,185.40664753555623,181.54876169697152,185.0694580078125,12555500
GOOG,2024-07-03,184.76201961002377,186.0711145959763,183.8545648384142,185.843017578125,7409100
GOOG,2024-07-05,185.77356604391142,190.67277060959134,185.77356604391142,190.37525939941406,14303400
GOOG,2024-07-08,189.78518951937897,190.09659268843953,187.7570738560168,188.90748596191406,12097600
GOOG,2024-07-09,190.16699590230527,191.26783283331068,188.65954012002334,188.86781311035156,10198500
GOOG,2024-07-10,189.17529832492303,191.71416229272407,189.0463666736006,191.0695343017578,12052900
GOOG,2024-07-11,189.760379320545,190.82155314517993,185.27770530478713,185.7537384033203,16452000
GOOG,2024-07-12,185.3768960047456,187.1322881573144,184.60333643910266,185.23805236816406,14449100
GOOG,2024-07-15,184.95043570609326,188.33227292186797,184.95043570609326,186.6363983154297,12186000
GOOG,2024-07-16,187.40007099048347,188.76866828260637,183.59176012970045,183.9686279296875,12760100
GOOG,2024-07-17,183.15537228923426,183.70083480656157,180.120636452785,181.1123809814453,17376600
GOOG,2024-07-18,182.02477630865724,182.53057568154048,176.7387915149654,177.74044799804688,17877200
GOOG,2024-07-19,178.88093237326706,180.46772946451188,177.38340377885848,177.90902709960938,14485900
GOOG,2024-07-22,180.84462022090713,182.77851901845693,180.39832307831674,181.83636474609375,16303900
GOOG,2024-07-23,182.32228325828112,183.6908953457156,181.81649907209885,182.0842742919922,23772600
GOOG,2024-07-24,173.94207991667653,176.48094360031305,172.13711266429982,172.9304962158203,31250700
GOOG,2024-07-25,172.81149564273002,173.75364998121933,167.65442677636923,167.76351928710938,28967900
GOOG,2024-07-26,167.3766983020734,168.43785688823968,164.49568217396276,167.2874298095703,25150100
GOOG,2024-07-29,169.09243550881413,170.73873499373863,168.31887601740527,169.7172393798828,13768900
GOOG,2024-07-30,170.4114262495512,171.52217503194433,168.71553682453143,170.44117736816406,13681400
GOOG,2024-07-31,173.4759270878841,174.4577594829591,170.3023480626971,171.7205352783203,15650200
GOOG,2024-08-01,170.56021554246618,174.2296671803092,169.10234991111668,171.02633666992188,17177800
GOOG,2024-08-02,166.80149251726354,168.80482043596737,165.0163495764789,167.00975036621094,18907800
GOOG,2024-08-05,156.0708189326366,164.5700761153893,155.30718660333892,159.31382751464844,34907800
GOOG,2024-08-06,159.61634639981284,161.00974639137516,156.82458285104568,159.2146759033203,36146500
GOOG,2024-08-07,161.89236160608164,163.42955332269682,158.91712840052662,159.42291259765625,19334200
GOOG,2024-08-08,161.00377470159287,164.13372637630385,160.69237150691217,162.4874267578125,15733600
GOOG,2024-08-09,160.31053433918498,164.15354404653894,159.601425563208,164.0246124267578,13549200
GOOG,2024-08-12,164.62464302754404,165.32382479919448,162.19983530552577,162.59652709960938,12435000
GOOG,2024-08-13,163.82130537004713,165.16511486931805,163.40973807968246,164.56015014648438,12717600
GOOG,2024-08-14,162.8543939968204,163.59820247683857,158.21302121243943,160.6923828125,22515900
GOOG,2024-08-15,160.87088600122738,162.17006890726202,160.1568287328568,161.8229522705078,18392500
GOOG,2024-08-16,162.06099793266338,165.57176735784415,161.73372038011578,163.38002014160156,16853100
GOOG,2024-08-19,165.62131426383317,167.0791797377391,164.71882323087834,167.00975036621094,13100800
GOOG,2024-08-20,167.34695479280933,169.00316611783435,167.2676134252082,167.5651397705078,12622500
GOOG,2024-08-21,165.6114236358399,167.24779604854945,165.19489275138332,166.2461395263672,15269600
GOOG,2024-08-22,167.64447524856783,168.02134298224763,163.66758545000854,164.12379455566406,19123800
GOOG,2024-08-23,165.17503521556534,166.56347134235136,164.29238329221874,166.04776000976562,14281600
GOOG,2024-08-26,166.76677341442428,167.98166632144043,164.94693096889543,166.5436248779297,11990300
GOOG,2024-08-27,166.2262959634789,166.85604827207698,164.78826946752432,165.00645446777344,13718200
GOOG,2024-08-28,165.40315945876486,166.00812425647686,161.9320534368026,163.14198303222656,15208700
GOOG,2024-08-29,164.68911559082505,166.24616196862877,160.6447779674305,162.0510711669922,17133800
GOOG,2024-08-30,162.8642809945831,163.91552773038342,162.06097038072892,163.74693298339844,18498800
GOOG,2024-09-03,161.96674219256641,162.0312080010454,156.55181100697683,157.3005828857422,26533100
GOOG,2024-09-04,156.7700138440623,159.07581685402644,156.14026151415925,156.5072021484375,17410700
GOOG,2024-09-05,156.47745737754192,159.68575167364398,156.21960923660788,157.2906951904297,14139500
GOOG,2024-09-06,157.37992549039694,157.90554882590948,150.6806870457014,150.87408447265625,24999100
GOOG,2024-09-09,152.562272560741,153.56524758085047,147.17000331520651,148.5006866455078,28057700
GOOG,2024-09-10,150.3974168852189,151.2415154318112,148.50367287097507,148.96742248535156,20401800
GOOG,2024-09-11,150.0399291805409,151.42026815094792,147.66654015508587,151.09255981445312,18991500
GOOG,2024-09-12,153.73407733290404,154.5285204112908,152.43318417900716,154.45899963378906,20980800
GOOG,2024-09-13,155.27524753668226,158.16799593833946,155.02500008582493,157.269287109375,16733900
GOOG,2024-09-16,157.22960838746815,158.13328752452324,156.5146111749345,157.88502502441406,14157600
GOOG,2024-09-17,158.97734898531647,160.4669237803253,158.30208235156024,159.16603088378906,12064800
GOOG,2024-09-18,159.73209803911575,160.50667582436532,158.55036611853902,159.69236755371094,16756500
GOOG,2024-09-19,163.67448938728307,163.84330604947485,161.3924566290563,162.10546875,17548200
GOOG,2024-09-20,163.37659690066155,163.60499416720182,162.04589833035038,163.49575805664062,46362700
GOOG,2024-09-23,164.1908732173316,165.45205088216574,161.8174844701024,161.93666076660156,15648400
GOOG,2024-09-24,163.10846190958097,163.40637993905065,160.9038897053418,162.50270080566406,18774100
GOOG,2024-09-25,161.83735826815212,163.0756856672283,161.64370624656462,161.8572235107422,13607900
GOOG,2024-09-26,163.883048016864,164.34978275109546,162.36368265742664,162.69139099121094,18234500
GOOG,2024-09-27,162.77082146125764,165.8095518935289,162.691375646675,164.14122009277344,13604300
GOOG,2024-09-30,163.63477628088927,166.19684707562433,163.49574988827916,166.0280303955078,14070100
GOOG,2024-10-01,167.68642563088636,169.25544646816078,164.7469909281875,167.24948120117188,18629500
GOOG,2024-10-02,166.59405573046956,167.70628198883736,165.0945557467933,166.14718627929688,12745000
GOOG,2024-10-03,164.6675584435498,166.74302930903772,164.22067382089543,166.0478973388672,11004300
GOOG,2024-10-04,168.16308180894134,168.37162897421945,165.7996331346512,167.3885040283203,11422100
GOOG,2024-10-07,167.96446960927054,168.71918212379873,162.98929476522028,163.2474822998047,14034700
GOOG,2024-10-08,164.28025787140118,164.94561472057438,163.16804669560264,164.5483856201172,11723900
GOOG,2024-10-09,163.70925019047905,165.10448419999233,160.00020790951473,161.92672729492188,19666400
GOOG,2024-10-10,160.98332761418612,163.16903454921285,160.5165929265873,162.04588317871094,12900500
GOOG,2024-10-11,162.19487016212068,164.12138972723744,161.37063678360465,163.37660217285156,10946000
GOOG,2024-10-14,163.76388370945972,166.4550407990706,163.63478235697784,165.19387817382812,9981800
GOOG,2024-10-15,165.978373461518,167.91481789675836,164.89595261729906,165.7400360107422,14829300
GOOG,2024-10-16,164.8760741420737,166.11738652051653,164.06773612766435,165.58114624023438,9968500
GOOG,2024-10-17,166.2167017805252,166.76286711867786,163.22761179979756,163.36663818359375,15113400
GOOG,2024-10-18,163.72415144272233,165.21372646812054,163.60499028956752,163.9029083251953,13091300
GOOG,2024-10-21,163.43616763074567,165.06476899287256,163.16306979442774,164.64768981933594,11384000
GOOG,2024-10-22,163.5553376368578,166.3060904749423,163.52554734804474,165.66061401367188,11958600
GOOG,2024-10-23,165.27329741700927,166.43517920354844,162.49573959077782,163.33685302734375,12754300
GOOG,2024-10-24,163.44607043445606,163.90288003059158,161.6387275950669,163.38648986816406,12764400
GOOG,2024-10-25,164.2157308861581,166.23657626997732,164.08165942845903,165.82943725585938,14566400
GOOG,2024-10-28,169.40439112401398,169.42028634833125,164.63774822681947,167.17002868652344,20858300
GOOG,2024-10-29,168.2077842816807,170.6655893190637,167.48783205703992,169.95059204101562,28916100
GOOG,2024-10-30,181.14226048035124,182.51265922447976,174.5235735130268,174.91583251953125,49698300
GOOG,2024-10-31,173.50569741909058,177.17997939292334,171.3607057798754,171.48980712890625,32801900
GOOG,2024-11-01,170.3477871566302,172.61195505493563,169.12633992217164,171.4500732421875,21752900
GOOG,2024-11-04,170.0499104764415,170.7251772945441,168.30710264162224,169.49378967285156,16194000
GOOG,2024-11-05,169.6427486121674,170.9009413784906,169.18593890377872,170.21871948242188,12518300
GOOG,2024-11-06,174.13130695563387,177.39843447686914,173.82344875668977,177.09059143066406,27061500
GOOG,2024-11-07,177.8651713960591,181.31105582329207,177.64669920190826,181.0131378173828,16730400
GOOG,2024-11-08,180.73509644486165,181.08266999912092,178.3219922656439,178.60997009277344,15021500
GOOG,2024-11-11,178.81853319564797,180.81952847854535,178.73908737180008,180.705322265625,12503400
GOOG,2024-11-12,180.11940957633783,182.74601585406003,179.73212069163418,182.04592895507812,14065800
GOOG,2024-11-13,180.88406254706334,181.34584234150418,178.86817213548596,179.23561096191406,13969700
GOOG,2024-11-14,178.5007302235862,179.19090721876722,174.8065831619554,176.11741638183594,17925800
GOOG,2024-11-15,174.41927954302977,174.65761696815795,171.54439591042149,172.6814422607422,21708900
GOOG,2024-11-18,173.73904972169086,175.68046412411874,173.20776438043342,175.57122802734375,18662800
GOOG,2024-11-19,174.0171059990693,178.91780500479192,173.89892978378998,178.3319091796875,15392900
GOOG,2024-11-20,177.587155139084,177.86520796103008,174.1114797120156,176.0975799560547,15729800
GOOG,2024-11-21,174.23558364168912,174.3597148874668,164.1610874916067,168.06378173828125,38839400
GOOG,2024-11-22,165.9982340935546,167.0955500509243,164.5583146895339,165.41233825683594,24497000
GOOG,2024-11-25,166.82244711440853,169.27528141728044,166.23653619610698,168.25242614746094,21395700
GOOG,2024-11-26,168.3120526288106,170.30310760657719,168.25245689956185,169.43418884277344,14937500
GOOG,2024-11-27,169.4937709499047,169.95058062849267,168.49079587990047,169.6328125,12433400
GOOG,2024-11-29,168.87809532936274,169.68246347519678,167.5772021401505,169.30511474609375,9250700
GOOG,2024-12-02,169.1362697237875,172.39347225063338,169.08661419721733,171.77777099609375,16593400
GOOG,2024-12-03,171.9168160527884,173.10848820895754,171.31105492940742,171.81752014160156,15721500
GOOG,2024-12-04,171.57917219275683,175.20379851346522,171.54938190594748,174.8661651611328,18239800
GOOG,2024-12-05,176.0876314261641,176.47492031599185,172.80062323234267,173.09854125976562,16145500
GOOG,2024-12-06,172.67155118431697,175.60998598056932,172.34384284257703,175.26341247558594,13319500
GOOG,2024-12-09,174.6917355263814,177.00319305958448,174.37856747396037,176.0686798095703,19887800
GOOG,2024-12-10,183.46039377799252,186.93503635380122,181.60624884405632,185.4437713623047,34317400
GOOG,2024-12-11,185.61278075283516,195.74344341991562,185.17534059202953,195.5644989013672,41664500
GOOG,2024-12-12,195.15687593504586,195.55951625749276,192.15445825821797,192.50242614746094,25197800
GOOG,2024-12-13,191.5877748564717,193.20827236166593,190.14620668366624,190.26551818847656,18883200
GOOG,2024-12-16,193.23314403139844,199.47159624824133,192.9796241391514,197.00604248046875,32248600
GOOG,2024-12-17,197.37389972627003,201.69857445433684,195.5446182326694,195.97210693359375,24129500
GOOG,2024-12-18,195.68378656433057,197.53295569027495,188.17775002520415,189.0426788330078,27638400
GOOG,2024-12-19,192.15446060359778,193.46678105568805,188.4163618820712,188.59530639648438,26981200
GOOG,2024-12-20,185.92095620072337,193.00446431173899,185.28468379825043,191.83631896972656,45319700
GOOG,2024-12-23,192.90010087135278,195.34578218988412,190.51408289663192,194.84869384765625,15235900
GOOG,2024-12-24,195.02762301946706,196.51888792877932,194.06128323687327,196.4194793701172,6809800
GOOG,2024-12-26,195.59430529799658,197.00603421750674,194.7293613601095,195.95220947265625,7907900
GOOG,2024-12-27,195.325875923865,195.6539560190793,190.85406852813938,192.91001892089844,14693000
GOOG,2024-12-30,189.7535322543702,192.6515505218482,189.25146819044306,191.56790161132812,12209500
GOOG,2024-12-31,191.32430716524246,192.12461198015237,188.47598598182643,189.3309783935547,14355200
