ticker,date,open,high,low,close,volume
MSFT,2023-01-03,237.4039449987011,240.01159718593232,231.85656849247528,233.9856719970703,25740000
MSFT,2023-01-04,226.85610390975128,227.43232343462765,220.6836879280111,223.7503662109375,50623400
MSFT,2023-01-05,221.89471081098847,222.23654401593947,216.58173640623133,217.118896484375,39585600
MSFT,2023-01-06,217.79280825495562,220.48835513572715,214.2280440359925,219.677734375,43613600
MSFT,2023-01-09,221.1622360976978,225.8403946978241,221.12317668189198,221.81658935546875,27369800
MSFT,2023-01-10,222.4416512068121,225.90875938940619,222.0216991383432,223.50621032714844,27033900
MSFT,2023-01-11,225.8892031998331,230.44039237661667,225.71341348434925,230.2646026611328,28669300
MSFT,2023-01-12,229.7665026549743,234.2981546866577,228.10620187098192,232.94061279296875,27269500
MSFT,2023-01-13,231.46589026262427,233.78054439645499,229.4344578762405,233.64381408691406,21333300
MSFT,2023-01-17,232.41321052398757,235.28456154659764,231.5537544621222,234.73764038085938,29831300
MSFT,2023-01-18,235.9291902032741,236.72027379093637,230.0204586660314,230.30368041992188,30028700
MSFT,2023-01-19,228.3210895299991,230.02046480616403,225.29347050869634,226.5142822265625,28623000
MSFT,2023-01-20,229.37586152604075,235.11856433736398,229.03402830061015,234.61070251464844,35389800
MSFT,2023-01-23,235.4701667569778,239.4451219045726,234.05401326238723,236.9156036376953,31934000
MSFT,2023-01-24,236.83746410442902,238.2536026618758,234.82556885560982,236.38819885253906,40234400
MSFT,2023-01-25,229.00472733419514,237.61878145041626,225.5083209962778,234.99159240722656,66526600
MSFT,2023-01-26,237.96061466071725,242.51180433252105,236.34914915023313,242.20904541015625,33454500
MSFT,2023-01-27,243.1759314324478,243.99631332473226,241.0663652215849,242.3653106689453,26498900
MSFT,2023-01-30,238.8005289422948,239.86508806743547,236.54447131176642,237.04257202148438,25867400
MSFT,2023-01-31,237.765261353504,242.1601830602323,237.27693671942308,242.02345275878906,26541100
MSFT,2023-02-01,242.2090148020215,249.22134928704855,239.7380933835384,246.8480987548828,31259900
MSFT,2023-02-02,252.77638533264104,258.50931209894077,251.24303873990777,258.4214172363281,39940400
MSFT,2023-02-03,253.47958267391422,258.03077225795073,251.09655585643634,252.31736755371094,29077300
MSFT,2023-02-06,251.42859910463446,252.26850319934903,248.83070838044688,250.77423095703125,22518000
MSFT,2023-02-07,254.44644293620124,262.49402369384705,254.00693882575916,261.3122863769531,50841400
MSFT,2023-02-08,266.8206631444049,270.2975330819385,259.9938626718781,260.5017395019531,54686000
MSFT,2023-02-09,267.406514176899,267.5823336683287,256.66337397570203,257.4642333984375,42375100
MSFT,2023-02-10,255.42316544548873,257.92338600527444,254.57348507309794,256.9565124511719,25818500
MSFT,2023-02-13,261.39046487819326,268.1879364908774,260.9118863953709,264.9845275878906,44630900
MSFT,2023-02-14,266.3029914231284,268.5492730065141,262.9921358196889,265.8146667480469,37047900
MSFT,2023-02-15,262.71093736345534,265.07056133423544,260.6156584468026,263.6900329589844,28922400
MSFT,2023-02-16,258.50082598261054,261.1639673790336,256.42514795944504,256.669921875,29603600
MSFT,2023-02-17,253.96758846436245,254.6529373660176,250.6484404767677,252.66537475585938,30000100
MSFT,2023-02-21,249.1602681162162,250.14916432899577,246.33068215712393,247.3881072998047,28397400
MSFT,2023-02-22,248.77838767780975,249.0231615682259,245.10677932156742,246.2523193359375,22491100
MSFT,2023-02-23,250.21766227886485,251.47090341728688,245.24385497458428,249.44418334960938,29219100
MSFT,2023-02-24,244.73472895258075,245.75298174565887,242.9136106416539,244.01019287109375,24990900
MSFT,2023-02-27,247.18246470486716,247.5349396941545,244.17663424902608,244.9305419921875,21190000
MSFT,2023-02-28,243.8633496718303,246.23275924474,243.53044581164914,244.20602416992188,22491000
MSFT,2023-03-01,245.51797045383339,245.68441488809174,240.6518648564876,241.12184143066406,27565300
MSFT,2023-03-02,241.39602886367507,246.14463367182992,240.47567658758933,245.86070251464844,24808200
MSFT,2023-03-03,246.9181207220463,250.27641144489547,246.1348412573584,249.95330810546875,30760100
MSFT,2023-03-06,251.06945498374236,254.6823198135749,250.62886499128248,251.50025939941406,24109800
MSFT,2023-03-07,250.94216175111166,252.30311882234795,248.09300523382876,248.8371124267578,21473200
MSFT,2023-03-08,248.7294190422308,249.21896680166975,245.56694469940246,248.3965301513672,17340200
MSFT,2023-03-09,250.47222930235247,254.1340370763852,246.32085881638,247.04539489746094,26653400
MSFT,2023-03-10,245.8313095923703,247.50555459686285,242.4240613016346,243.3933563232422,28333900
MSFT,2023-03-13,242.22824622027488,252.51855056988012,240.59315835594796,248.61195373535156,33339700
MSFT,2023-03-14,251.38274875441266,255.61244813435934,250.51135442935103,255.3383026123047,33620300
MSFT,2023-03-15,254.5452601893461,260.9093809729157,253.79133752741032,259.89111328125,46028000
MSFT,2023-03-16,259.665957162543,270.7786991165704,257.7763096695362,270.4262390136719,54768800
MSFT,2023-03-17,272.4430981505929,277.40708916718296,270.5436506662001,273.588623046875,69527400
MSFT,2023-03-20,271.189857247299,271.67940495199,264.2089021976658,266.5391540527344,43466600
MSFT,2023-03-21,269.1338043529948,269.2512910447104,263.8858363792266,268.0567932128906,34558700
MSFT,2023-03-22,267.68474324903065,275.1650483157533,266.49024536747226,266.59796142578125,34873300
MSFT,2023-03-23,272.12976684360143,275.1845395871269,269.44705511774464,271.8556213378906,36610900
MSFT,2023-03-24,271.44439905318643,274.76354680040964,269.5253804360551,274.7048034667969,28172000
MSFT,2023-03-27,274.6362856404628,275.5762089469485,269.7603793312512,270.6024169921875,26840200
MSFT,2023-03-28,270.0247926282162,270.3674820752308,266.3629546475742,269.47650146484375,21878600
MSFT,2023-03-29,273.1284109992429,275.2628614185949,272.5899205469777,274.6460266113281,25087000
MSFT,2023-03-30,278.28835097959796,278.51352384288515,275.59583810054556,278.1120910644531,25053400
MSFT,2023-03-31,277.79875006624843,283.2229170975771,277.0839996638091,282.273193359375,32766000
MSFT,2023-04-03,280.5304980080921,282.2439155368451,278.014244688671,281.2256774902344,24883300
MSFT,2023-04-04,281.2256389673713,284.3783279836004,279.6982522270493,281.1766662597656,25824300
MSFT,2023-04-05,279.87450114097055,281.1473135505485,277.0057580205523,278.39605712890625,22064800
MSFT,2023-04-06,277.28961669659077,285.9741886409237,276.13429122558216,285.5042419433594,29770300
MSFT,2023-04-10,283.16425520458193,283.5461168646444,278.758324614115,283.34051513671875,23103000
MSFT,2023-04-11,279.77657491179383,280.0017776622644,275.7525062342862,276.9176025390625,27276600
MSFT,2023-04-12,278.83662385276324,281.01021712063323,276.0657667752644,277.56378173828125,27403400
MSFT,2023-04-13,277.66171935623237,283.8398102405288,277.2505159342496,283.78106689453125,24222700
MSFT,2023-04-14,281.0004245840228,282.4494967636299,277.7596206838942,280.1584167480469,20987900
MSFT,2023-04-17,283.8691083590636,285.50421074465487,280.17792963706347,282.7627258300781,23836200
MSFT,2023-04-18,285.47491478550927,285.6609453421748,281.01024118479097,282.341796875,20161800
MSFT,2023-04-19,280.01150857079625,283.00753836856154,278.591838043408,282.42010498046875,17150300
MSFT,2023-04-20,279.28699001904164,282.98796979588815,279.1205306378155,280.1289978027344,23244400
MSFT,2023-04-21,279.0520247927153,280.28566483452795,277.14277656950355,279.7863464355469,21676400
MSFT,2023-04-24,276.19301740569233,278.9932457830926,272.8934706931475,275.87969970703125,26611000
MSFT,2023-04-25,273.6670342373716,275.7133405569095,269.6135639108985,269.66253662109375,45772200
MSFT,2023-04-26,290.4976789797235,293.307678595242,286.61066821898174,289.1954650878906,64599200
MSFT,2023-04-27,289.78292984563893,298.8199931125039,289.0779798089215,298.45770263671875,46462600
MSFT,2023-04-28,297.65485346356644,302.4719869299771,296.9694746134844,300.8369140625,36469600
MSFT,2023-05-01,300.55292192498604,302.1488522384796,298.77096109153786,299.1723937988281,21294100
MSFT,2023-05-02,301.32645423519284,302.7167531753242,297.556930414214,299.02557373046875,26404400
MSFT,2023-05-03,300.21027546467184,302.1586660652437,297.733164896042,298.03668212890625,22360800
MSFT,2023-05-04,299.83820988509484,301.32645423519284,297.05758212520743,299.02557373046875,22519900
MSFT,2023-05-05,299.32907229863827,305.44841906822023,297.9093718962461,304.156005859375,28197100
MSFT,2023-05-08,303.6469176772524,303.7154615391141,299.6913631590147,302.1978454589844,21318600
MSFT,2023-05-09,301.5614013671875,303.55876446980983,299.90672765113413,300.5823059082031,21340800
MSFT,2023-05-10,302.1685065895515,306.45695048571525,301.2383836132989,305.7813720703125,30078000
MSFT,2023-05-11,303.6175792147709,304.61624606114736,299.85785535357644,303.6273498535156,31680200
MSFT,2023-05-12,304.0581273381705,304.1560428743244,300.1907176369154,302.51116943359375,19774700
MSFT,2023-05-15,302.6385066640165,303.4217713234563,301.1600624987201,302.990966796875,16336500
MSFT,2023-05-16,303.35319033533926,307.15208621607525,303.35319033533926,305.2232666015625,26730300
MSFT,2023-05-17,306.4301577933981,308.5299869808576,304.90922423008425,308.1080627441406,24315000
MSFT,2023-05-18,308.6281218082049,313.0535052333268,307.83332313670064,312.5432434082031,27276000
MSFT,2023-05-19,310.79665472761,312.7689485029045,310.43360222955846,312.36663818359375,27546700
MSFT,2023-05-22,312.62177529023154,316.53689709363704,312.04284968121516,315.1533508300781,24115700
MSFT,2023-05-23,314.0249365560636,316.664463629214,309.33462996251853,309.3444519042969,30797200
MSFT,2023-05-24,308.8243994042462,310.5611762447715,306.7441540494219,307.9609069824219,23384900
MSFT,2023-05-25,317.17470817825347,320.7660354537529,313.99551318959146,319.804443359375,43301700
MSFT,2023-05-26,317.9400583040085,327.14405620676587,317.8027008438637,326.6436462402344,36630600
MSFT,2023-05-30,328.939735353525,329.44014532098214,324.31809251004455,324.9951477050781,29503100
MSFT,2023-05-31,326.0548408394715,329.6363453938655,321.1878898831773,322.22802734375,45950600
MSFT,2023-06-01,319.81420387671255,327.27160256990936,318.626916843916,326.33941650390625,26773900
MSFT,2023-06-02,327.97812149381093,331.1671383819332,326.31000837435346,329.1065368652344,25873800
MSFT,2023-06-05,328.92995293144236,332.2072777754639,328.38046313393863,329.6364440917969,21307100
MSFT,2023-06-06,329.03782599435294,329.07708381551254,325.9371468564524,327.4187927246094,20396200
MSFT,2023-06-07,325.42688293374783,328.2135893193703,316.4485803635837,317.31207275390625,40717100
MSFT,2023-06-08,317.86149995051085,320.5108483593011,317.2825744719845,319.15673828125,23277700
MSFT,2023-06-09,318.8918385067795,323.79801789828633,318.32273487313944,320.6580810546875,22529000
MSFT,2023-06-12,322.4144778795906,325.8684474019989,319.05866788081994,325.6231384277344,24260300
MSFT,2023-06-13,328.19401031500286,330.6569222888833,324.19058055958016,328.01739501953125,22951300
MSFT,2023-06-14,328.06645423161865,332.6782756005696,326.5651642872491,331.0101623535156,26003800
MSFT,2023-06-15,331.1475459812555,343.27560893103424,330.8728010908221,341.5682678222656,38899100
MSFT,2023-06-16,344.7277944942439,344.87497388637837,335.5336191446204,335.9064636230469,46552000
MSFT,2023-06-20,332.94318456860884,335.6611975068298,329.55790839262113,331.7068176269531,26375400
MSFT,2023-06-21,330.058326488485,331.39282293074336,325.83902394821615,327.3010559082031,25117800
MSFT,2023-06-22,327.85052734982696,333.7379426283081,327.0851645614221,333.33563232421875,23556800
MSFT,2023-06-23,328.08602328651534,331.6184785385029,327.19312496325193,328.733642578125,23146900
MSFT,2023-06-26,327.4580354070177,329.8031735626045,322.326161031866,322.4341125488281,21520600
MSFT,2023-06-27,325.6328827704176,329.8423925373536,323.1209216371493,328.29205322265625,24354100
MSFT,2023-06-28,328.3804225415333,331.6381330418555,327.54636600540425,329.548095703125,20259500
MSFT,2023-06-29,328.4294754124527,329.80319974916614,326.37869587676175,328.7630920410156,16997000
MSFT,2023-06-30,331.41242887349597,336.2989944894714,330.8727611005321,334.15008544921875,26832800
MSFT,2023-07-03,332.8254137820231,334.5033188190337,330.25458046527325,331.6479187011719,12508700
MSFT,2023-07-05,328.8023217775131,335.23922664394627,328.4490912403642,331.8049011230469,18172400
MSFT,2023-07-06,330.9708256570031,336.55405979331294,329.20461318273215,334.8663330078125,28161200
MSFT,2023-07-07,332.95302725325797,335.3766815206191,330.67655240599004,330.8924255371094,21214800
MSFT,2023-07-10,328.3215584005841,328.93974184694355,321.4430847345039,325.603515625,32791400
MSFT,2023-07-11,324.8479601120357,326.61417278371005,320.86414468674985,326.23150634765625,26698200
MSFT,2023-07-12,330.2839941982709,335.23922327928665,329.37145204151966,330.87274169921875,29995300
MSFT,2023-07-13,333.18847871055397,337.2900378184535,332.6586029099094,336.2303161621094,20567200
MSFT,2023-07-14,341.06778168374007,344.8357239330472,337.84932914089796,338.7618713378906,28352700
MSFT,2023-07-17,339.19362653573205,340.4790431987355,335.77894468986676,339.2427062988281,20363900
MSFT,2023-07-18,339.3408493429076,359.89775652883986,335.7495517583705,352.7445373535156,64738600
MSFT,2023-07-19,354.96212416292167,355.65879334061907,345.8268193685884,348.4172668457031,39732900
MSFT,2023-07-20,346.9356524408543,351.2530852592234,338.8895045037058,340.3613586425781,33778400
MSFT,2023-07-21,342.59848099973897,343.72689620518594,333.4533559589221,337.3194274902344,69405400
MSFT,2023-07-24,339.3604427915747,340.4103723937978,335.8868593129291,338.6343078613281,26678100
MSFT,2023-07-25,340.59681755620375,345.28715443801974,338.5951176532345,344.39422607421875,41637700
MSFT,2023-07-26,335.0331862626318,338.20258898250944,326.8594744910843,331.4320373535156,58383700
MSFT,2023-07-27,334.09124680022427,334.92527345110744,322.8756964700809,324.5143737792969,39635300
MSFT,2023-07-28,327.4089917663005,333.630023699817,326.91837382253794,332.0207824707031,28484900
MSFT,2023-07-31,330.5980267133625,331.36338955022967,327.10479921092735,329.6167907714844,25446000
MSFT,2023-08-01,328.90051519144754,332.18766195989383,327.4384830540128,330.0289306640625,18311900
MSFT,2023-08-02,327.3697478835023,327.3697478835023,320.2361435127281,321.3547668457031,27761300
MSFT,2023-08-03,319.88289830105487,323.6900983235589,319.83384848481404,320.530517578125,18253700
MSFT,2023-08-04,325.652651760499,328.8514911281065,321.0997017416969,321.62957763671875,23741500
MSFT,2023-08-07,322.20846094214573,324.8970380032119,321.3744043520865,323.9158020019531,17741500
MSFT,2023-08-08,320.82493524798076,322.58135618793176,316.9392488173444,319.9320068359375,22327600
MSFT,2023-08-09,320.3440854180899,320.9720608226161,315.0257736651899,316.18365478515625,22373300
MSFT,2023-08-10,319.9025601772297,322.1005492501325,315.1533813786417,316.87054443359375,20113700
MSFT,2023-08-11,314.25061483261044,316.3602660012063,313.22029918403376,314.9865417480469,24355500
MSFT,2023-08-14,315.3594171589749,317.97930021692355,314.07397059332675,317.9596862792969,18836100
MSFT,2023-08-15,316.9391798843772,318.9899592196478,314.87857860821487,315.820556640625,16966300
MSFT,2023-08-16,315.44693875811095,319.0065586089997,314.46362532057526,315.0536193847656,20698900
MSFT,2023-08-17,315.1912458646841,316.4990393179839,310.9334825752944,311.5923156738281,21257200
MSFT,2023-08-18,309.24222157279775,313.0673251029197,306.35127777604174,311.19903564453125,24755000
MSFT,2023-08-21,312.6248414758279,317.3840750264029,311.7497080998156,316.5089416503906,24040000
MSFT,2023-08-22,320.06847390054236,320.63878240151894,316.09587983136174,317.0791931152344,16084600
MSFT,2023-08-23,318.4165278621223,323.70675834794656,318.0625194610532,321.54345703125,21166400
MSFT,2023-08-24,327.29588007700687,327.42371562381226,314.62095560290663,314.63079833984375,23281400
MSFT,2023-08-25,316.1057329442358,319.9308061397361,313.4802731864356,317.5905456542969,21684100
MSFT,2023-08-28,320.2258392914253,320.70765324549666,316.35158216920695,318.2985534667969,14808500
MSFT,2023-08-29,316.5089267598385,323.4904580066464,316.5089267598385,322.9299621582031,19284600
MSFT,2023-08-30,323.1856265787588,324.30658824416685,321.0026696426028,323.3036193847656,15222100
MSFT,2023-08-31,323.7067756652974,325.3882331373902,321.32714408962795,322.2908020019531,26411000
MSFT,2023-09-01,325.7815864865364,326.4502324505812,321.3271776248165,323.1758117675781,14942000
MSFT,2023-09-05,323.5100975629304,329.2624867583471,323.17577461933763,327.9841613769531,18553900
MSFT,2023-09-06,327.81703513152416,328.87900042913225,324.67042016143193,327.32537841796875,17535800
MSFT,2023-09-07,325.76188443553343,327.52199370609907,323.539586687025,324.4049072265625,18381000
MSFT,2023-09-08,324.58192625722756,330.5506459747243,323.9624339954705,328.6921691894531,19530100
MSFT,2023-09-11,331.61263290676015,332.77296563529865,329.8328378843995,332.30096435546875,16583300
MSFT,2023-09-12,330.2162623454097,331.1700773968811,325.948686447505,326.23382568359375,17565500
MSFT,2023-09-13,325.7815623439832,331.2291270189504,325.64391407139624,330.4523010253906,16544400
MSFT,2023-09-14,333.4906907415561,335.17214803708595,330.95375569932395,333.0482177734375,20267000
MSFT,2023-09-15,331.29795899971333,331.7699302193474,324.1492514827947,324.7097473144531,37679800
MSFT,2023-09-18,322.33013776149687,324.8867587399462,320.91416398907404,323.5691223144531,16834200
MSFT,2023-09-19,320.7273261877417,323.89359635152607,319.095022437881,323.1659240722656,16505900
MSFT,2023-09-20,324.011630056917,324.0902819305911,315.16180885547175,315.4174499511719,21436500
MSFT,2023-09-21,313.93263631012064,319.92101113625847,309.74371174856566,314.1981201171875,35560400
MSFT,2023-09-22,315.9582316625795,316.0860671908524,310.87448877989465,311.72015380859375,21447900
MSFT,2023-09-25,311.3071733116646,312.36916854605823,309.7437086689083,312.2413330078125,17836000
MSFT,2023-09-26,309.87158577781963,310.60907089739686,304.8468382254269,306.9314880371094,26297600
MSFT,2023-09-27,307.08874321728234,309.055369891766,304.52230981108517,307.5705871582031,19410100
MSFT,2023-09-28,305.80065881535404,310.21575688010876,304.28637761624543,308.4064636230469,19683600
MSFT,2023-09-29,312.4478586518566,314.1391590398575,309.72409111193235,310.4812316894531,24147300
MSFT,2023-10-02,311.0023577080208,316.51876142882526,309.9207069776333,316.43023681640625,20570000
MSFT,2023-10-03,315.4764071729055,316.0270902536059,306.01693759833194,308.16058349609375,21033500
MSFT,2023-10-04,308.78990640782996,314.69962955610083,308.7604082061058,313.63763427734375,20720100
MSFT,2023-10-05,313.76546101615116,314.6406243233155,309.64537557701226,314.03094482421875,16965600
MSFT,2023-10-06,311.26785534059786,323.6969515428258,311.022026982247,321.7991638183594,25673600
MSFT,2023-10-09,319.33100051797163,324.78837743803706,317.78719140430474,324.31640625,19891200
MSFT,2023-10-10,325.43734001157645,325.5750182685459,322.20226107285646,322.9102478027344,20557100
MSFT,2023-10-11,325.6832464860802,327.26639677950044,323.64781040646227,326.8730773925781,20063200
MSFT,2023-10-12,325.05394288857616,328.0628797237766,323.23480695672527,325.63409423828125,19313100
MSFT,2023-10-13,326.8337234807313,328.25950995278436,320.91415741201166,322.2613220214844,21072400
MSFT,2023-10-16,325.52592163414295,330.53101374822336,325.0834485648815,327.08941650390625,22158000
MSFT,2023-10-17,324.0902879776136,327.895706363903,321.9466717819366,326.5190734863281,18338500
MSFT,2023-10-18,326.9418838619396,329.9901616003234,322.8217980493897,324.6015930175781,23153600
MSFT,2023-10-19,326.60751870152404,331.25860158595435,325.3882197669904,325.7913818359375,25052100
MSFT,2023-10-20,326.18471469225653,326.381389371038,320.019350620081,321.218994140625,25027700
MSFT,2023-10-23,320.0390055685396,327.1778702783257,318.9770403265237,323.82476806640625,24374700
MSFT,2023-10-24,325.77169735313146,326.3026949587647,322.13345600220845,325.0145568847656,31153600
MSFT,2023-10-25,339.2628021799774,340.4231348794275,331.98628851300685,334.98541259765625,55053800
MSFT,2023-10-26,334.8575801473551,335.9293882372037,321.4845108470067,322.4186706542969,37828500
MSFT,2023-10-27,324.9162596517857,331.1013097225857,322.92013452668544,324.3066101074219,29856500
MSFT,2023-10-30,327.846541065036,333.7857627071757,326.29288900889105,331.68145751953125,22828100
MSFT,2023-10-31,333.19581210226124,333.3433031373779,329.1052240143818,332.4681396484375,20265300
MSFT,2023-11-01,334.12011087039247,341.6227978631735,333.98243257296474,340.2953186035156,28158800
MSFT,2023-11-02,341.44569527784813,343.00915979906836,339.01691026500765,342.5076904296875,24348100
MSFT,2023-11-03,343.7958468754574,348.47642796304746,341.5342081949656,346.9129333496094,23637700
MSFT,2023-11-06,347.55209672635783,351.573844508911,347.45375939501855,350.5806884765625,23828300
MSFT,2023-11-07,353.40279769132025,356.4117340199255,351.66234393523393,354.5139465332031,25833900
MSFT,2023-11-08,355.64477925814185,357.798237980275,354.5336303274662,357.1394348144531,26767800
MSFT,2023-11-09,356.25447656557805,358.7029476379298,354.34684593464885,354.6713562011719,24847300
MSFT,2023-11-10,355.45796855398606,363.92431294177396,355.04499371068613,363.5014953613281,28042100
MSFT,2023-11-13,362.07562068271324,362.32144900510366,359.79432664892863,360.5613098144531,19986500
MSFT,2023-11-14,364.81910296344984,365.7434199318085,361.22017242867213,364.0914306640625,27683900
MSFT,2023-11-15,365.82556050862166,367.64838835280426,361.7168083416723,364.2392272949219,26860100
MSFT,2023-11-16,365.51028582126,370.8211167467286,364.74174586188934,370.6437683105469,27182300
MSFT,2023-11-17,368.12136824695096,368.87021288647435,361.6084886476014,364.4166259765625,40157000
MSFT,2023-11-20,365.766486587499,373.304096039392,365.54971735826314,371.8951110839844,52465100
MSFT,2023-11-21,370.15113498600977,370.69304303967186,365.66795990773056,367.5893249511719,28423100
MSFT,2023-11-22,372.44683209614044,374.2105437680483,369.4613467876635,372.2990417480469,23345300
MSFT,2023-11-24,371.786716969812,372.41732930761407,369.6289174288519,371.88525390625,10176600
MSFT,2023-11-27,371.24480993983406,375.0481191981454,370.67334381773094,373.04791259765625,22179200
MSFT,2023-11-28,372.79174922299154,377.3734310799554,372.60453806574077,377.0778503417969,20453100
MSFT,2023-11-29,378.122265050378,378.654310364066,371.89510374186113,373.2843933105469,28963400
MSFT,2023-11-30,372.9296627723548,374.5061634778247,369.9540398668522,373.343505859375,30554400
MSFT,2023-12-01,371.2251245346799,372.60455147782466,365.8551770672475,369.0081787109375,33040500
MSFT,2023-12-04,363.67758971521135,364.0914026926199,357.56866135332547,363.7170104980469,32063300
MSFT,2023-12-05,361.0665594377977,367.59913401406357,360.2487359832438,367.04736328125,23065000
MSFT,2023-12-06,368.0523741639695,368.68295635972305,362.62331133398067,363.3819885253906,21182100
MSFT,2023-12-07,362.8204458454036,365.9931429196831,360.93850151827866,365.50048828125,23118900
MSFT,2023-12-08,363.776165260302,368.95887115666653,362.8204141424842,368.7322692871094,20154400
MSFT,2023-12-11,363.0667572104508,366.140917208106,360.72171642347627,365.8453063964844,27708800
MSFT,2023-12-12,365.40189538840474,368.9194561848198,365.01761039602826,368.8800354003906,24838300
MSFT,2023-12-13,370.4959322910932,372.09215835732533,365.3230593019992,368.87017822265625,30955500
MSFT,2023-12-14,367.8257238791417,368.2691249851615,358.7805938980073,360.55413818359375,43277500
MSFT,2023-12-15,361.46071708829936,366.9291715904146,360.89908357942716,365.2837219238281,78502300
MSFT,2023-12-18,364.02250460099197,367.52034031624777,363.2637972546779,367.17547607421875,21802900
MSFT,2023-12-19,366.0324728829278,367.7764892578125,364.40671885980896,367.7764892578125,20603700
MSFT,2023-12-20,369.490921222126,370.50578841631284,365.08658823838834,365.1752624511719,26316700
MSFT,2023-12-21,367.08678486250125,368.90961285521604,364.60381655946395,368.0523986816406,17708000
MSFT,2023-12-22,368.190345627308,369.66830947141494,367.23459447201543,369.0771179199219,17107500
MSFT,2023-12-26,369.4909463405908,371.4024485751995,368.01298255522846,369.15594482421875,12673100
MSFT,2023-12-27,368.20016268910763,369.55003135494337,367.33308586365905,368.5745849609375,14905400
MSFT,2023-12-28,369.8555199252922,370.92950337498513,368.66330417937627,369.766845703125,14327000
MSFT,2023-12-29,370.47623473279145,371.61919693761735,367.9932665377033,370.5156555175781,18730800
MSFT,2024-01-02,368.36763432010537,370.3776732414385,361.38179662508963,365.42156982421875,25258600
MSFT,2024-01-03,363.58894066618615,367.7765045721429,363.09628608901477,365.15557861328125,23083500
MSFT,2024-01-04,365.2245421546535,367.6188360826796,361.7759602590735,362.5346374511719,20901500
MSFT,2024-01-05,363.54952100172824,366.59412268972636,361.11580618022657,362.3474426269531,21004600
MSFT,2024-01-08,363.8746851951502,369.6880336849266,363.5889671694232,369.1855163574219,23134000
MSFT,2024-01-09,366.54488061699703,370.4663919405634,365.73691986628984,370.26934814453125,20830000
MSFT,2024-01-10,370.84084672720024,378.52627710766996,370.79159329119034,377.1468200683594,25514200
MSFT,2024-01-11,380.3292997627019,384.94053897843884,374.79186761868704,378.97943115234375,27850800
MSFT,2024-01-12,379.82682931782017,382.969968033559,378.99917320808413,382.7630615234375,21661200
MSFT,2024-01-16,387.8768338056293,388.24139340844187,381.925557656747,384.53662109375,27202300
MSFT,2024-01-17,382.28028145481545,384.37896483224864,379.1568380014038,383.7483825683594,22234100
MSFT,2024-01-18,385.965331411229,388.201972530476,384.38883063496286,388.083740234375,23392100
MSFT,2024-01-19,389.9459487436234,392.8132019042969,387.7191405000406,392.8132019042969,29331100
MSFT,2024-01-22,394.14341273142753,394.73460432133396,387.80788119131773,390.68499755859375,27016900
MSFT,2024-01-23,389.9361075398463,393.51278467024315,388.1428376176736,393.0398254394531,20525900
MSFT,2024-01-24,395.641052600286,399.670963497878,394.56706921313554,396.64605712890625,24867000
MSFT,2024-01-25,398.3802111244257,401.03069519921775,396.6164992894369,398.922119140625,21021200
MSFT,2024-01-26,398.42947961915996,400.2030542350716,396.51797735014173,397.9959411621094,17803300
MSFT,2024-01-29,400.0946315969203,403.9570567007328,398.39003594013263,403.70086669921875,24510200
MSFT,2024-01-30,406.2035919940408,406.98196463436994,400.47894778438507,402.5874938964844,33477600
MSFT,2024-01-31,400.98143260936786,409.21863334219495,391.3746676938224,391.7392272949219,47871100
MSFT,2024-02-01,395.92674920804393,402.0061196897029,395.8971911373073,397.8481140136719,30657700
MSFT,2024-02-02,397.87768854138443,406.587817886619,397.6313612519742,405.1788330078125,28256700
MSFT,2024-02-05,403.8782071207988,405.1197062490565,398.05502654340927,399.6906433105469,25352300
MSFT,2024-02-06,399.9173050428237,401.97659767351126,396.99093550042556,399.53302001953125,18382600
MSFT,2024-02-07,401.45437538113845,408.2135819340869,401.4149545944821,407.9672546386719,22340500
MSFT,2024-02-08,407.9672510426615,409.45507751601383,406.46959192466915,408.0263671875,21225300
MSFT,2024-02-09,409.1496686243005,414.637848397784,408.99201553500313,414.3717956542969,22032800
MSFT,2024-02-12,414.3815803930293,414.55892880914683,408.65693709745693,409.1594543457031,21202900
MSFT,2024-02-13,398.991129023294,404.04577027322716,397.46391171761815,400.3508605957031,27824900
MSFT,2024-02-14,402.81865792132635,404.5658693954015,399.3636985334278,404.2203674316406,20401200
MSFT,2024-02-15,402.8878094252823,403.8650598358389,399.08734764832207,401.328125,21825500
MSFT,2024-02-16,402.71003513978644,403.03580530507566,398.2482129693453,398.8602294921875,22296500
MSFT,2024-02-20,398.0508194321391,399.284733568485,392.8881419655763,397.60662841796875,24307900
MSFT,2024-02-21,395.020342155489,397.11305567339133,392.10829279576154,397.00445556640625,18518900
MSFT,2024-02-22,404.9113664023,407.51737721520215,403.3122186108832,406.3525695800781,27009900
MSFT,2024-02-23,410.32087486596646,410.50840209542025,403.7070832004783,405.0594482421875,16295900
MSFT,2024-02-26,406.1650087554213,406.8560126685655,402.1177646745505,402.29547119140625,16193500
MSFT,2024-02-27,402.7397141163555,403.0654843352299,398.65300594895484,402.2362976074219,14835800
MSFT,2024-02-28,402.9272470121027,404.0328292486966,400.10406595257604,402.4731750488281,13183100
MSFT,2024-02-29,403.3813298173751,408.8697771758562,400.6963316033454,408.3169860839844,31947300
MSFT,2024-03-01,405.9774997139128,410.51830995161754,405.59253415210725,410.153076171875,17823400
MSFT,2024-03-04,408.11954029802524,411.97922704270553,407.0139581345592,409.58050537109375,17596000
MSFT,2024-03-05,408.632835591906,408.9191120836045,395.4842705013913,397.4683837890625,26919200
MSFT,2024-03-06,397.784299256291,399.94611920290095,393.26325117893276,396.9156188964844,22344100
MSFT,2024-03-07,400.8937526863445,404.5066568048068,397.0636784801651,403.8749084472656,18718500
MSFT,2024-03-08,402.7100915611558,405.13845633858756,399.1267999900611,400.99249267578125,18002200
MSFT,2024-03-11,398.5641317733387,400.45940694447387,396.09630359488256,399.3143310546875,16120800
MSFT,2024-03-12,402.3744232866482,410.22212853968995,401.55511762855593,409.93585205078125,22457000
MSFT,2024-03-13,412.7196338707947,412.7985911258489,406.1552162526794,409.75823974609375,17115900
MSFT,2024-03-14,414.83206096573,422.3145333258251,412.6110154706253,419.74798583984375,34157300
MSFT,2024-03-15,413.89431092525524,417.1617132738892,407.4779571696519,411.0612487792969,45079900
MSFT,2024-03-18,408.9191153478435,415.3157366151304,408.45516246098214,411.9496154785156,20106000
MSFT,2024-03-19,412.45302237396163,416.24363275003464,410.20236440839864,415.9869689941406,19837900
MSFT,2024-03-20,416.5693375820488,420.478368428666,415.2465854805382,419.7577819824219,17860100
MSFT,2024-03-21,424.29861540078343,425.27589583117316,421.6629918116586,423.84454345703125,21296200
MSFT,2024-03-22,424.1703545566299,424.32826906328035,420.58706292422704,423.2226867675781,17648500
MSFT,2024-03-25,419.7677430087365,421.90983138183765,416.18445123994246,417.4183654785156,18060500
MSFT,2024-03-26,420.1329081875438,420.5080228747841,415.9277496341745,416.223876953125,16725600
MSFT,2024-03-27,418.9779885582823,418.9878695106981,413.61787312123863,416.0067138671875,16705000
MSFT,2024-03-28,415.5428100902656,416.4411032454851,413.7264919975177,415.305908203125,21871200
MSFT,2024-04-01,418.49430668541237,422.38360623153415,416.78655877307597,419.1063232421875,16316000
MSFT,2024-04-02,414.7037305350885,416.944537944627,412.4629532504076,416.0166320800781,17912000
MSFT,2024-04-03,414.32863193386083,417.8132042224073,413.6968534411064,415.03936767578125,16502300
MSFT,2024-04-04,419.52089960464946,423.1535654935394,412.1964026116657,412.5024108886719,19370900
MSFT,2024-04-05,414.60502494858775,421.0213783675685,412.9367706496642,420.0440979003906,16554800
MSFT,2024-04-08,419.69865168894506,421.78148438919783,417.8526907492084,419.1260986328125,14272400
MSFT,2024-04-09,420.95222561069284,422.235484103292,416.19424606146305,420.7942810058594,12496900
MSFT,2024-04-10,416.7569946282444,418.5733127302172,414.29904716210126,417.813232421875,16216600
MSFT,2024-04-11,420.3402327247268,423.8445365841043,416.92473693729744,422.4230651855469,17966400
MSFT,2024-04-12,418.59296811855137,419.70843118069365,414.36804783994415,416.47064208984375,19253800
MSFT,2024-04-15,421.1101986920762,421.32736877280126,408.10966683089106,408.3169860839844,20273500
MSFT,2024-04-16,409.23502221897127,413.0157217686464,408.4058355582689,409.244873046875,16765600
MSFT,2024-04-17,411.88051429574114,413.4895430541291,405.04955278693666,406.5401306152344,15855500
MSFT,2024-04-18,405.34570574936373,406.5895007512514,398.7516762985985,399.0675354003906,21029900
MSFT,2024-04-19,398.8306438099327,400.2619961941858,392.6511924508159,393.98382568359375,30565800
MSFT,2024-04-22,394.9314905053024,397.66586357799235,390.65722508776963,395.8001708984375,20286900
MSFT,2024-04-23,399.0379699896353,402.9470318520377,397.87316221870356,402.32513427734375,15734500
MSFT,2024-04-24,404.28943349750205,407.16198877400103,401.54521009115024,403.7958679199219,15065300
MSFT,2024-04-25,388.9593393273181,394.74394432686086,383.0365516126927,393.9048767089844,40586500
MSFT,2024-04-26,406.8659105019104,407.68521620447916,400.53839541992835,401.0911865234375,29694700
MSFT,2024-04-29,400.0349411285761,401.0911788014965,394.05292813266897,397.07354736328125,19582100
MSFT,2024-04-30,396.3232817640103,396.98467289944216,384.1618487070766,384.31976318359375,28781400
MSFT,2024-05-01,387.5575723765422,396.55035342207367,385.28718262896496,389.85760498046875,23562500
MSFT,2024-05-02,392.54259949156545,394.78337648708447,389.57132491777804,392.72027587890625,17709400
MSFT,2024-05-03,397.10317892533544,401.9105035456356,396.68857052359846,401.42681884765625,17446700
MSFT,2024-05-06,403.49977559314374,408.603227237703,401.1405174679132,408.21826171875,16996600
MSFT,2024-05-07,409.32384154303776,409.33372249534176,403.8255133338143,404.0722961425781,20018200
MSFT,2024-05-08,402.917370243468,406.92512065552296,401.4761369476161,405.2568664550781,11792300
MSFT,2024-05-09,405.2864669208131,407.4087929910644,403.8353828414113,407.0139465332031,14689700
MSFT,2024-05-10,407.6259773286798,410.0345799682454,406.5006332532913,409.4028015136719,13402300
MSFT,2024-05-13,412.63073648454196,412.96635748889184,405.53326050690544,408.39593505859375,15440200
MSFT,2024-05-14,406.71781742817865,412.117426712038,406.25386452353786,411.19940185546875,15109300
MSFT,2024-05-15,413.2662078851203,419.1106798585564,412.64318866360406,418.3887634277344,22239500
MSFT,2024-05-16,417.12294600008903,420.70283173045664,415.6890421322498,416.3219299316406,17530100
MSFT,2024-05-17,417.85481010987854,418.23060143126196,413.39480813113437,415.5506286621094,15352200
MSFT,2024-05-20,415.55062632751003,422.03788543513167,415.3330645205205,420.6237487792969,16272100
MSFT,2024-05-21,422.0971677395987,428.1691000651555,420.13914188778193,424.2826843261719,21453300
MSFT,2024-05-22,425.32111301906195,427.61539585695874,422.3939422619638,425.746337890625,18073700
MSFT,2024-05-23,428.16915515912984,428.79217443912484,420.7028829331948,422.2653503417969,17211700
MSFT,2024-05-24,422.45322015153533,426.28030386108634,419.704046646492,425.3902893066406,11855300
MSFT,2024-05-28,424.86617140902985,426.0429788375184,421.8697699331016,425.54852294921875,15718000
MSFT,2024-05-29,420.9698917832297,426.1616790443509,420.9698917832297,424.41131591796875,15517100
MSFT,2024-05-30,419.5952468817441,419.5952468817441,409.64679700979286,410.0720520019531,28394500
MSFT,2024-05-31,412.1290098934204,412.1290098934204,400.0247386123212,410.5269775390625,47995300
MSFT,2024-06-03,410.92250624898264,411.81252080542527,404.38581394057536,408.9347839355469,17484700
MSFT,2024-06-04,407.85685925302585,411.82240496411936,405.1373519842431,411.4565124511719,14348900
MSFT,2024-06-05,413.1772670336835,419.3777336097301,411.6840004488704,419.30853271484375,16988000
MSFT,2024-06-06,419.3084807052153,420.5940539083252,415.9164904670929,419.81280517578125,14861300
MSFT,2024-06-07,421.47418661206035,421.55328627071816,418.3096570403155,419.1502380371094,13621700
MSFT,2024-06-10,419.9908379970184,423.33333440686357,419.1898218829819,423.12567138671875,13982900
MSFT,2024-06-11,420.76217780161693,428.02078634829667,420.5347172370151,427.88232421875,14551100
MSFT,2024-06-12,430.4930895516259,438.4834835709838,428.4460348943523,436.16943359375,22366200
MSFT,2024-06-13,435.96176849341106,438.47361288924054,434.498168180252,436.68365478515625,15960600
MSFT,2024-06-14,433.42024926631433,438.2263761607837,431.877549319742,437.6626892089844,13582000
MSFT,2024-06-17,437.68246749988464,445.9398870196781,435.8332072728674,443.39837646484375,20790000
MSFT,2024-06-18,444.7235276745664,445.1487826948382,439.95699562171353,441.3908996582031,17112500
MSFT,2024-06-20,441.3513490930651,441.5788096843686,436.37712366644695,440.7580261230469,19877400
MSFT,2024-06-21,442.4193728058131,445.58387250760194,441.5590243550793,444.7927551269531,34187100
MSFT,2024-06-24,444.812502964026,447.72980476303803,441.4601077502006,442.7061462402344,15913700
MSFT,2024-06-25,443.27966392090804,446.41452724911966,441.7962963896613,445.9497375488281,16413400
MSFT,2024-06-26,444.02139740080895,448.57039770845984,443.22038125858614,447.1463623046875,16507000
MSFT,2024-06-27,447.1661206636861,451.11189918090986,446.76066321308457,447.8287048339844,14806300
MSFT,2024-06-28,448.04624507062687,450.33062875420535,441.46008932267114,441.9941101074219,28362300
MSFT,2024-07-01,443.6851547691378,452.2985677661532,440.7184194830795,451.6656799316406,17662800
MSFT,2024-07-02,448.17483800659534,454.4939686896818,448.08580938726794,454.1874084472656,13979800
MSFT,2024-07-03,453.1095094538045,455.90811662700247,452.8029492037819,455.660888671875,9932800
MSFT,2024-07-05,454.51368927600026,463.1567980049815,453.8808014849039,462.37554931640625,16000300
MSFT,2024-07-08,461.37681172412664,462.5140844954219,459.3099895783313,461.07025146484375,12962300
MSFT,2024-07-09,461.8217923289273,462.14811993117183,452.9215864810465,454.44451904296875,17207200
MSFT,2024-07-10,456.10588369109234,461.28777166224876,453.7720362415662,461.0801086425781,18196100
MSFT,2024-07-11,457.84642261488483,459.6264518865709,446.5431371483352,449.6582336425781,23111200
MSFT,2024-07-12,449.2922544857781,451.2997440970952,445.653066550447,448.5209045410156,16324300
MSFT,2024-07-15,448.2736757198333,452.1897879047396,446.4244156110008,448.9263610839844,14429400
MSFT,2024-07-16,449.1835423040314,449.26264197328965,441.7073711225493,444.53564453125,17175700
MSFT,2024-07-17,437.6824920740607,439.9174425124237,434.310299044026,438.6021728515625,21778000
MSFT,2024-07-18,439.4130413837652,439.7196016105417,429.5832562189407,435.487060546875,20794800
MSFT,2024-07-19,428.2976983913284,436.2485575608238,427.20988939637874,432.2632141113281,20940400
MSFT,2024-07-22,436.89138287523997,439.6702228116467,434.0433118650251,438.02862548828125,15808800
MSFT,2024-07-23,438.97794115369385,443.41817564914504,438.1868237868677,439.91741943359375,13107100
MSFT,2024-07-24,435.5662057633114,436.58478368998954,422.8487845737653,424.1442565917969,26805800
MSFT,2024-07-25,424.0453575896341,425.0342693658965,412.88056536465024,413.76068115234375,29943800
MSFT,2024-07-26,413.5629210032518,424.1640565570156,412.64321010602674,420.55450439453125,23583800
MSFT,2024-07-29,426.7945502371275,427.35823721785147,419.9908622622184,421.99835205078125,15125800
MSFT,2024-07-30,422.97735537825565,424.2925947905347,412.732213459478,418.2305908203125,32687600
MSFT,2024-07-31,415.83736625900457,417.103172016906,407.6392798866265,413.7112121582031,42891400
MSFT,2024-08-01,416.1242037023935,422.72022849108816,408.5095707902921,412.4849853515625,30296400
MSFT,2024-08-02,407.91618767034436,410.39836575672,399.85656314975535,403.9605407714844,29437900
MSFT,2024-08-05,384.85479031825656,396.5931676964823,381.3045706583986,390.7684631347656,40709200
MSFT,2024-08-06,395.5647367351895,401.17188015725634,394.08136897243253,395.1790466308594,24946500
MSFT,2024-08-07,404.1089265381238,405.532931744476,393.06276861454995,394.0121154785156,20650900
MSFT,2024-08-08,397.97765609010867,401.3597174512935,395.50537665916386,398.2248840332031,20203000
MSFT,2024-08-09,399.5500195790903,403.5254340135955,397.799656617914,401.5179443359375,19276700
MSFT,2024-08-12,402.54639174185724,404.2275536933188,399.75765352179553,402.2991638183594,16762900
MSFT,2024-08-13,405.0483692456352,410.34895203900766,405.0286018746959,409.41937255859375,19414300
MSFT,2024-08-14,410.200606537794,413.0882423005823,407.87668792866015,412.2377624511719,18267000
MSFT,2024-08-15,415.89340426982346,417.191211225686,413.77333444813155,417.1119689941406,20752100
MSFT,2024-08-16,416.6859584876603,417.4190624715108,413.41664970781534,414.5757751464844,22775600
MSFT,2024-08-19,415.06120860773046,417.8252537249248,412.58447325666395,417.6072998046875,15234000
MSFT,2024-08-20,417.77579570483533,421.89705736065446,417.71635646590653,420.846923828125,16387600
MSFT,2024-08-21,420.1336152453366,422.43203322162,417.7955912661998,420.1930847167969,16067300
MSFT,2024-08-22,420.410997320223,422.8184073246916,410.75172838496667,411.6829833984375,19361900
MSFT,2024-08-23,413.0996723021897,415.3584538355035,408.255163223579,412.91143798828125,18493800
MSFT,2024-08-26,412.4953243921623,413.396859709793,407.51213395459416,409.6421203613281,13152800
MSFT,2024-08-27,409.01800038370646,410.5040417108967,406.43230298651787,409.9888916015625,13492900
MSFT,2024-08-28,411.019191950483,411.13807041057737,403.5196300124752,406.7790222167969,14882700
MSFT,2024-08-29,411.07861373737535,418.12243430135214,406.7790049560858,409.2755432128906,17045200
MSFT,2024-08-30,411.7325012306554,413.60489748199507,408.29479126700903,413.2581787109375,24308300
MSFT,2024-09-03,414.0210025733613,415.97267128987687,403.2422452090673,405.62982177734375,20313600
MSFT,2024-09-04,402.13271297104455,407.41310010382534,400.60703533664076,405.0948791503906,15135800
MSFT,2024-09-05,403.82677622219455,409.2557914736051,402.3506514977997,404.5896301269531,14195500
MSFT,2024-09-06,405.2533785520499,406.8285787467922,397.070234552708,397.9618835449219,19609500
MSFT,2024-09-09,403.45033296201285,404.84721553886465,398.4077026542291,401.9444885253906,15295100
MSFT,2024-09-10,404.4014154009755,412.4557344655397,403.90606826316616,410.3455810546875,19594300
MSFT,2024-09-11,411.6334589269,420.0444433948456,405.76853569187716,419.1033020019531,19266900
MSFT,2024-09-12,419.37076416429335,423.39298024346107,415.84389519077274,423.02642822265625,17395700
MSFT,2024-09-13,421.8672937914901,427.8114589338371,421.5007417784194,426.5830078125,15874600
MSFT,2024-09-16,426.5929152766965,429.49564193620427,424.2350583167788,427.3260192871094,13834700
MSFT,2024-09-17,436.13336040486877,437.73828032551546,428.24741204788825,431.1006164550781,18874200
MSFT,2024-09-18,430.9520062716843,431.9724201576507,426.4047232128483,426.8009948730469,18898000
MSFT,2024-09-19,437.12403789377305,437.3915144590669,432.83431483021604,434.607666015625,21706600
MSFT,2024-09-20,433.15134833465663,435.15253986855333,430.17926553566315,431.219482421875,55167100
MSFT,2024-09-23,430.23868426031646,432.3983904018878,426.38489946949306,429.4758605957031,15128900
MSFT,2024-09-24,428.97061525019865,429.3173642884583,422.1348308922367,425.17626953125,17015800
MSFT,2024-09-25,425.8300855631319,429.08947802981356,424.58183139807875,428.0888671875,13396400
MSFT,2024-09-26,431.0411178765214,431.2491551844422,425.1365891561316,427.2962951660156,14492000
MSFT,2024-09-27,427.5043560158928,427.8313020370733,423.49205654568107,424.03692626953125,14896100
MSFT,2024-09-30,424.2251680181162,426.4146240359172,421.4116000312542,426.29571533203125,16807300
MSFT,2024-10-01,424.4629431708175,424.49266278755016,414.91263654622963,416.775146484375,19092900
MSFT,2024-10-02,418.6475873716458,418.88537456440747,412.8322166210633,413.2483215332031,16582300
MSFT,2024-10-03,413.74364093705873,415.64575695003026,410.43472579830313,412.6637878417969,13686400
MSFT,2024-10-04,414.34793855319174,415.8438964916741,411.1083793562167,412.188232421875,19169700
MSFT,2024-10-07,412.12878843935687,413.22844449254166,405.1939290185023,405.7289123535156,20919800
MSFT,2024-10-08,407.0762266898708,411.791940593935,404.37165096666996,410.85076904296875,19229300
MSFT,2024-10-09,411.99007853410836,416.46803570058375,410.4445979894132,413.5751953125,14974300
MSFT,2024-10-10,411.3659669240718,413.46623380792397,409.3053060403614,411.97027587890625,13848400
MSFT,2024-10-11,412.2674830881502,413.2482606337857,409.4043624478393,412.44580078125,14144900
MSFT,2024-10-14,413.8823170164031,420.09398917949596,413.6346434592421,415.2395935058594,16653100
MSFT,2024-10-15,418.25131357483497,418.54854000588256,411.39572592904386,414.84332275390625,18900200
MSFT,2024-10-16,411.3065392799767,412.48543760596397,406.66018089425665,412.2476806640625,15508900
MSFT,2024-10-17,418.429601804324,418.5683135090887,411.722612729939,412.84210205078125,14820000
MSFT,2024-10-18,413.25824047721403,415.7448626454478,412.38642464389255,414.26873779296875,17145300
MSFT,2024-10-21,412.24765392774344,415.0612217475957,409.89971357797583,414.8829040527344,14206100
MSFT,2024-10-22,414.595626294547,426.57311612841215,414.1498320229674,423.5317077636719,25482200
MSFT,2024-10-23,426.8504984713963,427.06845240983137,418.59802889539156,420.6487731933594,19654400
MSFT,2024-10-24,421.3719497046553,422.01592511987707,418.4692229621463,420.7775573730469,13581600
MSFT,2024-10-25,422.78866124967664,428.4950392124222,422.6004269353124,424.16571044921875,16899100
MSFT,2024-10-28,427.6430970369736,427.920490226357,422.3329599684467,422.6202697753906,14882400
MSFT,2024-10-29,424.01710482121905,429.1390069836367,421.8375655534697,427.93035888671875,17644100
MSFT,2024-10-30,433.3692558016521,434.41938919264413,428.07895261488494,428.50494384765625,29749100
MSFT,2024-10-31,411.49476909921253,412.2873426777555,402.51908117814946,402.5686340332031,53971000
MSFT,2024-11-01,405.2038179490663,411.6334132123408,403.7078601300334,406.5511474609375,24230400
MSFT,2024-11-04,405.9864621175824,406.6007179042562,401.79584509345045,404.658935546875,19672300
MSFT,2024-11-05,404.56977062634746,411.03900230330345,404.2824608535884,407.6310119628906,17626000
MSFT,2024-11-06,408.5821307366994,416.53740425456203,406.69978749855915,416.2698974609375,26681800
MSFT,2024-11-07,417.3596335925896,422.87780730764854,415.97266781837374,421.47100830078125,19901800
MSFT,2024-11-08,421.3620693729889,422.5310812867246,417.8550033981939,418.6079406738281,16891400
MSFT,2024-11-11,418.58809689323664,420.8567950462537,412.1287816798458,414.1200866699219,24503300
MSFT,2024-11-12,414.35783635110096,420.49023567836724,413.3176195666668,419.0933532714844,19401200
MSFT,2024-11-13,417.71629531230195,425.33470549985367,414.3181914052048,421.2431640625,21502200
MSFT,2024-11-14,421.04505383486753,424.1855678921326,416.0915826132808,422.91748046875,30246900
MSFT,2024-11-15,415.91324532993855,418.86549468955633,409.79076244428035,411.1380920410156,28247600
MSFT,2024-11-18,411.0093198489206,414.50646935219214,408.2651076525754,411.89105224609375,24727000
MSFT,2024-11-19,409.2656885605185,414.0507587358417,407.7202079437107,413.90216064453125,18133500
MSFT,2024-11-20,412.9906674094557,413.4067722571845,406.75919271133495,411.6235046386719,19191700
MSFT,2024-11-21,416.428073141663,416.70602153771694,407.2855248811401,409.84661865234375,20780200
MSFT,2024-11-22,408.35760329128635,414.3434454251094,408.04987579157546,413.9463806152344,24814600
MSFT,2024-11-25,415.3162958278843,417.99650611752486,411.812146489521,415.7232971191406,27691100
MSFT,2024-11-26,416.5174436728799,425.89825580258685,415.78287220202776,424.8559265136719,23458900
MSFT,2024-11-27,421.9969878965425,424.10148899734514,418.929618998767,419.89251708984375,18332400
MSFT,2024-11-29,417.0138131267751,421.7687459879258,414.74057357397544,420.359130859375,16271900
MSFT,2024-12-02,418.48293944626425,429.82923270647603,418.22483367708463,427.82403564453125,20207200
MSFT,2024-12-03,426.69236269283573,429.30310856781665,424.6077345204632,428.04241943359375,18302000
MSFT,2024-12-04,429.8590208353051,436.45041220115866,429.4619560010729,434.2168884277344,26009400
MSFT,2024-12-05,434.71321944433936,441.4038541812057,432.9760343176013,439.3787841796875,21697800
MSFT,2024-12-06,439.06108850071894,442.83327982289535,438.53497082637017,440.3218078613281,18821000
MSFT,2024-12-09,439.35893665859504,445.0469576507044,437.2743084708553,442.7538757324219,19144400
MSFT,2024-12-10,441.1358228013123,446.3275050202344,438.3662450103701,440.08355712890625,18469500
MSFT,2024-12-11,440.79832040277716,447.05220524938716,440.79832040277716,445.7021484375,19200200
MSFT,2024-12-12,445.8212579806136,452.8196506561494,445.8212579806136,446.2679748535156,20834800
MSFT,2024-12-13,445.15616611270633,448.124261247401,442.3170935669994,443.9947204589844,20177800
MSFT,2024-12-16,443.99470839545216,448.8687569516414,442.0192905147007,448.2830810546875,23598800
MSFT,2024-12-17,447.70736185197006,451.9560191338881,446.2779042343056,451.132080078125,22733500
MSFT,2024-12-18,448.0151211482652,449.3353686126572,433.8198177452418,434.1871337890625,24444500
MSFT,2024-12-19,438.38609658906347,439.9346705847199,433.12491959024413,433.8297119140625,22963700
MSFT,2024-12-20,429.93845914028344,440.4906238895222,425.49128413888167,433.4029235839844,64263700
MSFT,2024-12-23,433.54185407205193,434.44519400818086,429.6604823749245,432.0627746582031,19152500
MSFT,2024-12-24,431.4671622449362,436.3809267682004,431.0105391906017,436.1128845214844,7164500
MSFT,2024-12-26,435.86472311645826,437.7111185947039,433.4326819773249,434.9018249511719,8194200
MSFT,2024-12-27,431.4175228637617,432.0329778888151,423.2279358558446,427.3773193359375,18117700
MSFT,2024-12-30,422.9400284711836,424.4191077458383,418.810487849265,421.7190246582031,13158700
MSFT,2024-12-31,422.97977346202197,423.6051649635355,417.5796069111211,418.4134521484375,13246500
